Part Number,Design Level Description,Category
Part Number - 1,DSC BRK WHL,Front Rotor and Shield
Part Number - 2,DSC BRK WHL,Front Rotor and Shield
Part Number - 3,DSC BRK WHL,Front Rotor and Shield
Part Number - 4,DSC BRK WHL,Front Rotor and Shield
Part Number - 5,DSC BRK WHL,Front Rotor and Shield
Part Number - 6,DSC BRK WHL,Front Rotor and Shield
Part Number - 7,DSC BRK WHL,Front Rotor and Shield
Part Number - 8,DSC BRK WHL,Front Rotor and Shield
Part Number - 9,DSC BRK WHL,Front Rotor and Shield
Part Number - 10,DSC BRK WHL,Front Rotor and Shield
Part Number - 11,DSC BRK WHL,Front Rotor and Shield
Part Number - 12,DSC BRK WHL,Front Rotor and Shield
Part Number - 13,DSC BRK WHL,Front Rotor and Shield
Part Number - 14,DSC BRK WHL,Front Rotor and Shield
Part Number - 15,DSC BRK WHL,Front Rotor and Shield
Part Number - 16,DSC BRK WHL,Front Rotor and Shield
Part Number - 17,DSC BRK WHL,Front Rotor and Shield
Part Number - 18,DSC BRK WHL,Front Rotor and Shield
Part Number - 19,DSC BRK WHL,Front Rotor and Shield
Part Number - 20,DSC BRK WHL,Front Rotor and Shield
Part Number - 21,DSC BRK WHL,Front Rotor and Shield
Part Number - 22,DSC BRK WHL,Front Rotor and Shield
Part Number - 23,DSC BRK WHL,Front Rotor and Shield
Part Number - 24,DSC BRK WHL,Front Rotor and Shield
Part Number - 25,DSC BRK WHL,Front Rotor and Shield
Part Number - 26,DSC BRK WHL,Front Rotor and Shield
Part Number - 27,DSC BRK WHL,Front Rotor and Shield
Part Number - 28,DSC BRK WHL,Front Rotor and Shield
Part Number - 29,DSC BRK WHL,Front Rotor and Shield
Part Number - 30,DSC BRK WHL,Front Rotor and Shield
Part Number - 31,DSC BRK WHL,Front Rotor and Shield
Part Number - 32,DSC BRK WHL,Front Rotor and Shield
Part Number - 33,DSC BRK WHL,Front Rotor and Shield
Part Number - 34,RET BRK DSC & DRM TO HB,Front Rotor and Shield
Part Number - 35,KIT CLPR BRK PAD LOW DST,"Front Caliper, Anchor and Attaching Components"
Part Number - 36,SHU & LNG ASY BRK INR,"Front Caliper, Anchor and Attaching Components"
Part Number - 37,SHU & LNG ASY BRK,"Front Caliper, Anchor and Attaching Components"
Part Number - 38,KIT CLPR BRK PAD LOW DST,"Front Caliper, Anchor and Attaching Components"
Part Number - 39,SHU & LNG ASY FRT WHL BRK,"Front Caliper, Anchor and Attaching Components"
Part Number - 40,SHU & LNG ASY BRK,"Front Caliper, Anchor and Attaching Components"
Part Number - 41,SHU & LNG ASY FRT WHL BRK,"Front Caliper, Anchor and Attaching Components"
Part Number - 42,SHU & LNG ASY BRK,"Front Caliper, Anchor and Attaching Components"
Part Number - 43,SHU & LNG ASY FRT WHL BRK,"Front Caliper, Anchor and Attaching Components"
Part Number - 44,SHU & LNG ASY BRK,"Front Caliper, Anchor and Attaching Components"
Part Number - 45,SHU & LNG ASY FRT WHL BRK,"Front Caliper, Anchor and Attaching Components"
Part Number - 46,SHU & LNG ASY BRK,"Front Caliper, Anchor and Attaching Components"
Part Number - 47,SPG & RET ASY BRK PAD H/DWN,"Front Caliper, Anchor and Attaching Components"
Part Number - 48,SPG & RET ASY BRK PAD H/DWN,"Front Caliper, Anchor and Attaching Components"
Part Number - 49,CLPR ASY WHL BRK,"Front Caliper, Anchor and Attaching Components"
Part Number - 50,PIN-FRT.WHL.BRK.SHU.RET.SHRT,"Rear Caliper, Anchor and Attaching Components"
Part Number - 51,SC-FRT WHL BRK CYL BLDR,"Front Caliper, Anchor and Attaching Components"
Part Number - 52,BGE-FRT.WHL.BRK.CLPR,"Front Caliper, Anchor and Attaching Components"
Part Number - 53,SPG & RET ASY BRK ANC H/DWN,"Front Caliper, Anchor and Attaching Components"
Part Number - 54,SHU & LNG ASY BRK INR,"Front Caliper, Anchor and Attaching Components"
Part Number - 55,SHU & LNG ASY BRK,"Front Caliper, Anchor and Attaching Components"
Part Number - 56,CAP-BRK BLDR SG DST,"Front Caliper, Anchor and Attaching Components"
Part Number - 57,BLT BRK CLPR DSC BGE,"Front Caliper, Anchor and Attaching Components"
Part Number - 58,CLPR ASY WHL BRK,"Front Caliper, Anchor and Attaching Components"
Part Number - 59,PIN-FRT.WHL.BRK.SHU.RET.SHRT,"Rear Caliper, Anchor and Attaching Components"
Part Number - 60,SC-FRT WHL BRK CYL BLDR,"Front Caliper, Anchor and Attaching Components"
Part Number - 61,BGE-FRT.WHL.BRK.CLPR,"Front Caliper, Anchor and Attaching Components"
Part Number - 62,SPG & RET ASY BRK ANC H/DWN,"Front Caliper, Anchor and Attaching Components"
Part Number - 63,SHU & LNG ASY BRK INR,"Front Caliper, Anchor and Attaching Components"
Part Number - 64,SHU & LNG ASY BRK,"Front Caliper, Anchor and Attaching Components"
Part Number - 65,CAP-BRK BLDR SG DST,"Front Caliper, Anchor and Attaching Components"
Part Number - 66,BLT BRK CLPR DSC BGE,"Front Caliper, Anchor and Attaching Components"
Part Number - 67,CLPR ASY WHL BRK,"Front Caliper, Anchor and Attaching Components"
Part Number - 68,PIN-FRT.WHL.BRK.SHU.RET.SHRT,"Rear Caliper, Anchor and Attaching Components"
Part Number - 69,SC-FRT WHL BRK CYL BLDR,"Front Caliper, Anchor and Attaching Components"
Part Number - 70,BGE-FRT.WHL.BRK.CLPR,"Front Caliper, Anchor and Attaching Components"
Part Number - 71,SPG & RET ASY BRK ANC H/DWN,"Front Caliper, Anchor and Attaching Components"
Part Number - 72,SHU & LNG ASY BRK INR,"Front Caliper, Anchor and Attaching Components"
Part Number - 73,SHU & LNG ASY BRK,"Front Caliper, Anchor and Attaching Components"
Part Number - 74,CAP-BRK BLDR SG DST,"Front Caliper, Anchor and Attaching Components"
Part Number - 75,BLT BRK CLPR DSC BGE,"Front Caliper, Anchor and Attaching Components"
Part Number - 76,CLPR ASY WHL BRK,"Front Caliper, Anchor and Attaching Components"
Part Number - 77,PIN-FRT.WHL.BRK.SHU.RET.SHRT,"Rear Caliper, Anchor and Attaching Components"
Part Number - 78,SC-FRT WHL BRK CYL BLDR,"Front Caliper, Anchor and Attaching Components"
Part Number - 79,BGE-FRT.WHL.BRK.CLPR.,"Front Caliper, Anchor and Attaching Components"
Part Number - 80,SPG & RET ASY BRK ANC H/DWN,"Front Caliper, Anchor and Attaching Components"
Part Number - 81,SHU & LNG ASY BRK INR,"Front Caliper, Anchor and Attaching Components"
Part Number - 82,SHU & LNG ASY BRK,"Front Caliper, Anchor and Attaching Components"
Part Number - 83,CAP-BRK BLDR SG DST,"Front Caliper, Anchor and Attaching Components"
Part Number - 84,BLT BRK CLPR DSC BGE,"Front Caliper, Anchor and Attaching Components"
Part Number - 85,CLPR ASY WHL BRK,"Front Caliper, Anchor and Attaching Components"
Part Number - 86,CLPR ASY WHL BRK,"Front Caliper, Anchor and Attaching Components"
Part Number - 87,CLPR ASY WHL BRK,"Front Caliper, Anchor and Attaching Components"
Part Number - 88,PIN-FRT.WHL.BRK.SHU.RET.SHRT,"Front Caliper, Anchor and Attaching Components"
Part Number - 89,SC-FRT WHL BRK CYL BLDR,"Front Caliper, Anchor and Attaching Components"
Part Number - 90,BGE-FRT.WHL.BRK.CLPR.,"Front Caliper, Anchor and Attaching Components"
Part Number - 91,SPG & RET ASY BRK ANC H/DWN,"Front Caliper, Anchor and Attaching Components"
Part Number - 92,SHU & LNG ASY BRK INR,"Front Caliper, Anchor and Attaching Components"
Part Number - 93,SHU & LNG ASY BRK,"Front Caliper, Anchor and Attaching Components"
Part Number - 94,CAP-BRK BLDR SG DST,"Front Caliper, Anchor and Attaching Components"
Part Number - 95,BLT BRK CLPR DSC BGE,"Front Caliper, Anchor and Attaching Components"
Part Number - 96,CLPR ASY WHL BRK,"Front Caliper, Anchor and Attaching Components"
Part Number - 97,SHU & LNG ASY FRT WHL BRK,"Front Caliper, Anchor and Attaching Components"
Part Number - 98,SHU & LNG ASY BRK,"Front Caliper, Anchor and Attaching Components"
Part Number - 99,SHU & LNG ASY FRT WHL BRK,"Front Caliper, Anchor and Attaching Components"
Part Number - 100,SHU & LNG ASY BRK,"Front Caliper, Anchor and Attaching Components"
Part Number - 101,SC-FRT WHL BRK CYL BLDR,"Front Caliper, Anchor and Attaching Components"
Part Number - 102,ANC BRK CLPR,"Front Caliper, Anchor and Attaching Components"
Part Number - 103,PIN BRK CLPR LOCA,"Front Caliper, Anchor and Attaching Components"
Part Number - 104,PIN BRK CLPR LOCA,"Front Caliper, Anchor and Attaching Components"
Part Number - 105,BSHG-BRK CLPR LOCA PIN,"Front Caliper, Anchor and Attaching Components"
Part Number - 106,SPG & RET ASY BRK PAD H/DWN,"Front Caliper, Anchor and Attaching Components"
Part Number - 107,SPG & RET ASY BRK PAD H/DWN,"Front Caliper, Anchor and Attaching Components"
Part Number - 108,CSE-FRT BRK CLPR SUPT PIN,"Front Caliper, Anchor and Attaching Components"
Part Number - 109,SHU & LNG ASY BRK,"Front Caliper, Anchor and Attaching Components"
Part Number - 110,CAP-BRK BLDR SG DST,"Front Caliper, Anchor and Attaching Components"
Part Number - 111,BT-BRK CLPR LOCA PIN,"Front Caliper, Anchor and Attaching Components"
Part Number - 112,GRSE-CHAS LUB,Front Rotor and Shield
Part Number - 113,CLPR ASY WHL BRK,"Front Caliper, Anchor and Attaching Components"
Part Number - 114,SHU & LNG ASY FRT WHL BRK,"Front Caliper, Anchor and Attaching Components"
Part Number - 115,SHU & LNG ASY BRK,"Front Caliper, Anchor and Attaching Components"
Part Number - 116,SHU & LNG ASY FRT WHL BRK,"Front Caliper, Anchor and Attaching Components"
Part Number - 117,SHU & LNG ASY BRK,"Front Caliper, Anchor and Attaching Components"
Part Number - 118,SC-FRT WHL BRK CYL BLDR,"Front Caliper, Anchor and Attaching Components"
Part Number - 119,ANC BRK CLPR,"Front Caliper, Anchor and Attaching Components"
Part Number - 120,PIN BRK CLPR LOCA,"Front Caliper, Anchor and Attaching Components"
Part Number - 121,PIN BRK CLPR LOCA,"Front Caliper, Anchor and Attaching Components"
Part Number - 122,BSHG-BRK CLPR LOCA PIN,"Front Caliper, Anchor and Attaching Components"
Part Number - 123,SPG & RET ASY BRK PAD H/DWN,"Front Caliper, Anchor and Attaching Components"
Part Number - 124,SPG & RET ASY BRK PAD H/DWN,"Front Caliper, Anchor and Attaching Components"
Part Number - 125,CSE-FRT BRK CLPR SUPT PIN,"Front Caliper, Anchor and Attaching Components"
Part Number - 126,SHU & LNG ASY BRK,"Front Caliper, Anchor and Attaching Components"
Part Number - 127,CAP-BRK BLDR SG DST,"Front Caliper, Anchor and Attaching Components"
Part Number - 128,BT-BRK CLPR LOCA PIN,"Front Caliper, Anchor and Attaching Components"
Part Number - 129,GRSE-CHAS LUB,Front Rotor and Shield
Part Number - 130,CLPR ASY WHL BRK,"Front Caliper, Anchor and Attaching Components"
Part Number - 131,SHU & LNG ASY FRT WHL BRK,"Front Caliper, Anchor and Attaching Components"
Part Number - 132,SHU & LNG ASY BRK,"Front Caliper, Anchor and Attaching Components"
Part Number - 133,SHU & LNG ASY FRT WHL BRK,"Front Caliper, Anchor and Attaching Components"
Part Number - 134,SHU & LNG ASY BRK,"Front Caliper, Anchor and Attaching Components"
Part Number - 135,SC-FRT WHL BRK CYL BLDR,"Front Caliper, Anchor and Attaching Components"
Part Number - 136,ANC BRK CLPR,"Front Caliper, Anchor and Attaching Components"
Part Number - 137,PIN BRK CLPR LOCA,"Front Caliper, Anchor and Attaching Components"
Part Number - 138,PIN BRK CLPR LOCA,"Front Caliper, Anchor and Attaching Components"
Part Number - 139,BSHG-BRK CLPR LOCA PIN,"Front Caliper, Anchor and Attaching Components"
Part Number - 140,SPG & RET ASY BRK PAD H/DWN,"Front Caliper, Anchor and Attaching Components"
Part Number - 141,SPG & RET ASY BRK PAD H/DWN,"Front Caliper, Anchor and Attaching Components"
Part Number - 142,CSE-FRT BRK CLPR SUPT PIN,"Front Caliper, Anchor and Attaching Components"
Part Number - 143,SHU & LNG ASY BRK,"Front Caliper, Anchor and Attaching Components"
Part Number - 144,CAP-BRK BLDR SG DST,"Front Caliper, Anchor and Attaching Components"
Part Number - 145,BT-BRK CLPR LOCA PIN,"Front Caliper, Anchor and Attaching Components"
Part Number - 146,GRSE-CHAS LUB,Front Rotor and Shield
Part Number - 147,CLPR ASY WHL BRK,"Front Caliper, Anchor and Attaching Components"
Part Number - 148,PIN-FRT.WHL.BRK.SHU.RET.SHRT,"Rear Caliper, Anchor and Attaching Components"
Part Number - 149,SC-FRT WHL BRK CYL BLDR,"Front Caliper, Anchor and Attaching Components"
Part Number - 150,BGE-FRT.WHL.BRK.CLPR.,"Front Caliper, Anchor and Attaching Components"
Part Number - 151,SPG & RET ASY BRK ANC H/DWN,"Front Caliper, Anchor and Attaching Components"
Part Number - 152,SHU & LNG ASY BRK INR,"Front Caliper, Anchor and Attaching Components"
Part Number - 153,SHU & LNG ASY BRK,"Front Caliper, Anchor and Attaching Components"
Part Number - 154,CAP-BRK BLDR SG DST,"Front Caliper, Anchor and Attaching Components"
Part Number - 155,BLT BRK CLPR DSC BGE,"Front Caliper, Anchor and Attaching Components"
Part Number - 156,CLPR ASY WHL BRK LH,"Front Caliper, Anchor and Attaching Components"
Part Number - 157,CLPR ASY WHL BRK LH,"Front Caliper, Anchor and Attaching Components"
Part Number - 158,CLPR ASY WHL BRK LH,"Front Caliper, Anchor and Attaching Components"
Part Number - 159,CLPR ASY WHL BRK LH,"Front Caliper, Anchor and Attaching Components"
Part Number - 160,PIN-FRT.WHL.BRK.SHU.RET.SHRT,"Rear Caliper, Anchor and Attaching Components"
Part Number - 161,SC-FRT WHL BRK CYL BLDR,"Front Caliper, Anchor and Attaching Components"
Part Number - 162,BGE-FRT.WHL.BRK.CLPR,"Front Caliper, Anchor and Attaching Components"
Part Number - 163,SPG & RET ASY BRK ANC H/DWN,"Front Caliper, Anchor and Attaching Components"
Part Number - 164,SHU & LNG ASY BRK INR,"Front Caliper, Anchor and Attaching Components"
Part Number - 165,SHU & LNG ASY BRK,"Front Caliper, Anchor and Attaching Components"
Part Number - 166,CAP-BRK BLDR SG DST,"Front Caliper, Anchor and Attaching Components"
Part Number - 167,BLT BRK CLPR DSC BGE,"Front Caliper, Anchor and Attaching Components"
Part Number - 168,CLPR ASY WHL BRK LH,"Front Caliper, Anchor and Attaching Components"
Part Number - 169,PIN-FRT.WHL.BRK.SHU.RET.SHRT,"Rear Caliper, Anchor and Attaching Components"
Part Number - 170,SC-FRT WHL BRK CYL BLDR,"Front Caliper, Anchor and Attaching Components"
Part Number - 171,BGE-FRT.WHL.BRK.CLPR,"Front Caliper, Anchor and Attaching Components"
Part Number - 172,SPG & RET ASY BRK ANC H/DWN,"Front Caliper, Anchor and Attaching Components"
Part Number - 173,SHU & LNG ASY BRK INR,"Front Caliper, Anchor and Attaching Components"
Part Number - 174,SHU & LNG ASY BRK,"Front Caliper, Anchor and Attaching Components"
Part Number - 175,CAP-BRK BLDR SG DST,"Front Caliper, Anchor and Attaching Components"
Part Number - 176,BLT BRK CLPR DSC BGE,"Front Caliper, Anchor and Attaching Components"
Part Number - 177,CLPR ASY WHL BRK LH,"Front Caliper, Anchor and Attaching Components"
Part Number - 178,PIN-FRT.WHL.BRK.SHU.RET.SHRT,"Rear Caliper, Anchor and Attaching Components"
Part Number - 179,SC-FRT WHL BRK CYL BLDR,"Front Caliper, Anchor and Attaching Components"
Part Number - 180,BGE-FRT.WHL.BRK.CLPR,"Front Caliper, Anchor and Attaching Components"
Part Number - 181,SPG & RET ASY BRK ANC H/DWN,"Front Caliper, Anchor and Attaching Components"
Part Number - 182,SHU & LNG ASY BRK INR,"Front Caliper, Anchor and Attaching Components"
Part Number - 183,SHU & LNG ASY BRK,"Front Caliper, Anchor and Attaching Components"
Part Number - 184,CAP-BRK BLDR SG DST,"Front Caliper, Anchor and Attaching Components"
Part Number - 185,BLT BRK CLPR DSC BGE,"Front Caliper, Anchor and Attaching Components"
Part Number - 186,CLPR ASY WHL BRK LH,"Front Caliper, Anchor and Attaching Components"
Part Number - 187,PIN-FRT.WHL.BRK.SHU.RET.SHRT,"Rear Caliper, Anchor and Attaching Components"
Part Number - 188,SC-FRT WHL BRK CYL BLDR,"Front Caliper, Anchor and Attaching Components"
Part Number - 189,BGE-FRT.WHL.BRK.CLPR.,"Front Caliper, Anchor and Attaching Components"
Part Number - 190,SPG & RET ASY BRK ANC H/DWN,"Front Caliper, Anchor and Attaching Components"
Part Number - 191,SHU & LNG ASY BRK INR,"Front Caliper, Anchor and Attaching Components"
Part Number - 192,SHU & LNG ASY BRK,"Front Caliper, Anchor and Attaching Components"
Part Number - 193,CAP-BRK BLDR SG DST,"Front Caliper, Anchor and Attaching Components"
Part Number - 194,BLT BRK CLPR DSC BGE,"Front Caliper, Anchor and Attaching Components"
Part Number - 195,CLPR ASY WHL BRK LH,"Front Caliper, Anchor and Attaching Components"
Part Number - 196,CLPR ASY WHL BRK LH,"Front Caliper, Anchor and Attaching Components"
Part Number - 197,CLPR ASY WHL BRK LH,"Front Caliper, Anchor and Attaching Components"
Part Number - 198,PIN-FRT.WHL.BRK.SHU.RET.SHRT,"Front Caliper, Anchor and Attaching Components"
Part Number - 199,SC-FRT WHL BRK CYL BLDR,"Front Caliper, Anchor and Attaching Components"
Part Number - 200,BGE-FRT.WHL.BRK.CLPR.,"Front Caliper, Anchor and Attaching Components"
Part Number - 201,SPG & RET ASY BRK ANC H/DWN,"Front Caliper, Anchor and Attaching Components"
Part Number - 202,SHU & LNG ASY BRK INR,"Front Caliper, Anchor and Attaching Components"
Part Number - 203,SHU & LNG ASY BRK,"Front Caliper, Anchor and Attaching Components"
Part Number - 204,CAP-BRK BLDR SG DST,"Front Caliper, Anchor and Attaching Components"
Part Number - 205,BLT BRK CLPR DSC BGE,"Front Caliper, Anchor and Attaching Components"
Part Number - 206,CLPR ASY WHL BRK LH,"Front Caliper, Anchor and Attaching Components"
Part Number - 207,SHU & LNG ASY FRT WHL BRK,"Front Caliper, Anchor and Attaching Components"
Part Number - 208,SHU & LNG ASY BRK,"Front Caliper, Anchor and Attaching Components"
Part Number - 209,SHU & LNG ASY FRT WHL BRK,"Front Caliper, Anchor and Attaching Components"
Part Number - 210,SHU & LNG ASY BRK,"Front Caliper, Anchor and Attaching Components"
Part Number - 211,SC-FRT WHL BRK CYL BLDR,"Front Caliper, Anchor and Attaching Components"
Part Number - 212,ANC BRK CLPR,"Front Caliper, Anchor and Attaching Components"
Part Number - 213,PIN BRK CLPR LOCA,"Front Caliper, Anchor and Attaching Components"
Part Number - 214,PIN BRK CLPR LOCA,"Front Caliper, Anchor and Attaching Components"
Part Number - 215,BSHG-BRK CLPR LOCA PIN,"Front Caliper, Anchor and Attaching Components"
Part Number - 216,SPG & RET ASY BRK PAD H/DWN,"Front Caliper, Anchor and Attaching Components"
Part Number - 217,SPG & RET ASY BRK PAD H/DWN,"Front Caliper, Anchor and Attaching Components"
Part Number - 218,CSE-FRT BRK CLPR SUPT PIN,"Front Caliper, Anchor and Attaching Components"
Part Number - 219,SHU & LNG ASY BRK,"Front Caliper, Anchor and Attaching Components"
Part Number - 220,CAP-BRK BLDR SG DST,"Front Caliper, Anchor and Attaching Components"
Part Number - 221,BT-BRK CLPR LOCA PIN,"Front Caliper, Anchor and Attaching Components"
Part Number - 222,GRSE-CHAS LUB,Front Rotor and Shield
Part Number - 223,CLPR ASY WHL BRK LH,"Front Caliper, Anchor and Attaching Components"
Part Number - 224,SHU & LNG ASY FRT WHL BRK,"Front Caliper, Anchor and Attaching Components"
Part Number - 225,SHU & LNG ASY BRK,"Front Caliper, Anchor and Attaching Components"
Part Number - 226,SHU & LNG ASY FRT WHL BRK,"Front Caliper, Anchor and Attaching Components"
Part Number - 227,SHU & LNG ASY BRK,"Front Caliper, Anchor and Attaching Components"
Part Number - 228,SC-FRT WHL BRK CYL BLDR,"Front Caliper, Anchor and Attaching Components"
Part Number - 229,ANC BRK CLPR,"Front Caliper, Anchor and Attaching Components"
Part Number - 230,PIN BRK CLPR LOCA,"Front Caliper, Anchor and Attaching Components"
Part Number - 231,PIN BRK CLPR LOCA,"Front Caliper, Anchor and Attaching Components"
Part Number - 232,BSHG-BRK CLPR LOCA PIN,"Front Caliper, Anchor and Attaching Components"
Part Number - 233,SPG & RET ASY BRK PAD H/DWN,"Front Caliper, Anchor and Attaching Components"
Part Number - 234,SPG & RET ASY BRK PAD H/DWN,"Front Caliper, Anchor and Attaching Components"
Part Number - 235,CSE-FRT BRK CLPR SUPT PIN,"Front Caliper, Anchor and Attaching Components"
Part Number - 236,SHU & LNG ASY BRK,"Front Caliper, Anchor and Attaching Components"
Part Number - 237,CAP-BRK BLDR SG DST,"Front Caliper, Anchor and Attaching Components"
Part Number - 238,BT-BRK CLPR LOCA PIN,"Front Caliper, Anchor and Attaching Components"
Part Number - 239,GRSE-CHAS LUB,Front Rotor and Shield
Part Number - 240,CLPR ASY WHL BRK LH,"Front Caliper, Anchor and Attaching Components"
Part Number - 241,SHU & LNG ASY FRT WHL BRK,"Front Caliper, Anchor and Attaching Components"
Part Number - 242,SHU & LNG ASY BRK,"Front Caliper, Anchor and Attaching Components"
Part Number - 243,SHU & LNG ASY FRT WHL BRK,"Front Caliper, Anchor and Attaching Components"
Part Number - 244,SHU & LNG ASY BRK,"Front Caliper, Anchor and Attaching Components"
Part Number - 245,SC-FRT WHL BRK CYL BLDR,"Front Caliper, Anchor and Attaching Components"
Part Number - 246,ANC BRK CLPR,"Front Caliper, Anchor and Attaching Components"
Part Number - 247,PIN BRK CLPR LOCA,"Front Caliper, Anchor and Attaching Components"
Part Number - 248,PIN BRK CLPR LOCA,"Front Caliper, Anchor and Attaching Components"
Part Number - 249,BSHG-BRK CLPR LOCA PIN,"Front Caliper, Anchor and Attaching Components"
Part Number - 250,SPG & RET ASY BRK PAD H/DWN,"Front Caliper, Anchor and Attaching Components"
Part Number - 251,SPG & RET ASY BRK PAD H/DWN,"Front Caliper, Anchor and Attaching Components"
Part Number - 252,CSE-FRT BRK CLPR SUPT PIN,"Front Caliper, Anchor and Attaching Components"
Part Number - 253,SHU & LNG ASY BRK,"Front Caliper, Anchor and Attaching Components"
Part Number - 254,CAP-BRK BLDR SG DST,"Front Caliper, Anchor and Attaching Components"
Part Number - 255,BT-BRK CLPR LOCA PIN,"Front Caliper, Anchor and Attaching Components"
Part Number - 256,GRSE-CHAS LUB,Front Rotor and Shield
Part Number - 257,CLPR ASY WHL BRK LH,"Front Caliper, Anchor and Attaching Components"
Part Number - 258,PIN-FRT.WHL.BRK.SHU.RET.SHRT,"Rear Caliper, Anchor and Attaching Components"
Part Number - 259,SC-FRT WHL BRK CYL BLDR,"Front Caliper, Anchor and Attaching Components"
Part Number - 260,BGE-FRT.WHL.BRK.CLPR.,"Front Caliper, Anchor and Attaching Components"
Part Number - 261,SPG & RET ASY BRK ANC H/DWN,"Front Caliper, Anchor and Attaching Components"
Part Number - 262,SHU & LNG ASY BRK INR,"Front Caliper, Anchor and Attaching Components"
Part Number - 263,SHU & LNG ASY BRK,"Front Caliper, Anchor and Attaching Components"
Part Number - 264,CAP-BRK BLDR SG DST,"Front Caliper, Anchor and Attaching Components"
Part Number - 265,BLT BRK CLPR DSC BGE,"Front Caliper, Anchor and Attaching Components"
Part Number - 266,HOS ASY FRT WHL BRK,Brake Lines and Hoses
Part Number - 267,HOS ASY FRT WHL BRK,Brake Lines and Hoses
Part Number - 268,HOS ASY FRT WHL BRK,Brake Lines and Hoses
Part Number - 269,HOS ASY FRT WHL BRK,Brake Lines and Hoses
Part Number - 270,CAP ASY-BRK MSTR CYL FILL,Master Cylinder and Reservoir
Part Number - 271,CAP ASY-BRK MSTR CYL FILL,Master Cylinder and Reservoir
Part Number - 272,CAP ASY-BRK MSTR CYL FILL,Master Cylinder and Reservoir
Part Number - 273,KIT SC WHL BRK BLDR,"Rear Caliper, Anchor and Attaching Components"
Part Number - 274,SC-FRT WHL BRK CYL BLDR,"Front Caliper, Anchor and Attaching Components"
Part Number - 275,CAP-BRK BLDR SG DST,"Front Caliper, Anchor and Attaching Components"
Part Number - 276,KIT SC WHL BRK BLDR,"Front Caliper, Anchor and Attaching Components"
Part Number - 277,SC-FRT WHL BRK CYL BLDR,"Front Caliper, Anchor and Attaching Components"
Part Number - 278,CAP-BRK BLDR SG DST,"Front Caliper, Anchor and Attaching Components"
Part Number - 279,KIT SC WHL BRK BLDR,"Rear Caliper, Anchor and Attaching Components"
Part Number - 280,SC-FRT WHL BRK CYL BLDR,"Front Caliper, Anchor and Attaching Components"
Part Number - 281,CAP-BRK BLDR SG DST,"Front Caliper, Anchor and Attaching Components"
Part Number - 282,KIT SC WHL BRK BLDR,"Front Caliper, Anchor and Attaching Components"
Part Number - 283,"","Front Caliper, Anchor and Attaching Components"
Part Number - 284,SC-FRT WHL BRK CYL BLDR,"Front Caliper, Anchor and Attaching Components"
Part Number - 285,CAP-BRK BLDR SG DST,"Front Caliper, Anchor and Attaching Components"
Part Number - 286,TUB ASY FRT WHL BRK,Brake Lines and Hoses
Part Number - 287,TUB ASY FRT WHL BRK,Brake Lines and Hoses
Part Number - 288,TUB ASY FRT WHL BRK LH,Brake Lines and Hoses
Part Number - 289,BRK & CL PDL & BRKT ASY,Pedals
Part Number - 290,PAD PDL,Pedals
Part Number - 291,BRK & CL PDL & BRKT ASY,Pedals
Part Number - 292,PAD PDL,Pedals
Part Number - 293,BRK & CL PDL & BRKT ASY,Pedals
Part Number - 294,PAD PDL,Pedals
Part Number - 295,BRK & CL PDL & BRKT ASY,Pedals
Part Number - 296,PAD PDL,Pedals
Part Number - 297,TUB ASY-FRT BRK LH UTY,Brake Lines and Hoses
Part Number - 298,TUB ASY FRT BRK RH UTY,Brake Lines and Hoses
Part Number - 299,DSC RR BRK,Rear Rotor and Shield
Part Number - 300,"",Rear Rotor and Shield
Part Number - 301,"",Rear Rotor and Shield
Part Number - 302,DSC RR BRK,Rear Rotor and Shield
Part Number - 303,"",Rear Rotor and Shield
Part Number - 304,"",Rear Rotor and Shield
Part Number - 305,DSC RR BRK,Rear Rotor and Shield
Part Number - 306,"",Rear Rotor and Shield
Part Number - 307,"",Rear Rotor and Shield
Part Number - 308,DSC RR BRK,Rear Rotor and Shield
Part Number - 309,DSC RR BRK,Rear Rotor and Shield
Part Number - 310,DSC RR BRK,Rear Rotor and Shield
Part Number - 311,DSC RR BRK,Rear Rotor and Shield
Part Number - 312,DSC RR BRK,Rear Rotor and Shield
Part Number - 313,DSC RR BRK,Rear Rotor and Shield
Part Number - 314,DSC RR BRK,Rear Rotor and Shield
Part Number - 315,DSC RR BRK,Rear Rotor and Shield
Part Number - 316,DSC RR BRK,Rear Rotor and Shield
Part Number - 317,BRKT ASY-BRK HOS RR SUSP,Brake Lines and Hoses
Part Number - 318,BRKT ASY-BRK HOS RR SUSP,Brake Lines and Hoses
Part Number - 319,BRKT ASY-BRK HOS RR SUSP,Brake Lines and Hoses
Part Number - 320,HSG ASY BRK CLPR,"Front Caliper, Anchor and Attaching Components"
Part Number - 321,SC-FRT WHL BRK CYL BLDR,"Front Caliper, Anchor and Attaching Components"
Part Number - 322,BGE-FRT.WHL.BRK.CLPR,"Front Caliper, Anchor and Attaching Components"
Part Number - 323,CAP-BRK BLDR SG DST,"Front Caliper, Anchor and Attaching Components"
Part Number - 324,BLT BRK CLPR DSC BGE,"Front Caliper, Anchor and Attaching Components"
Part Number - 325,HSG ASY BRK CLPR,"Front Caliper, Anchor and Attaching Components"
Part Number - 326,SC-FRT WHL BRK CYL BLDR,"Front Caliper, Anchor and Attaching Components"
Part Number - 327,BGE-FRT.WHL.BRK.CLPR.,"Front Caliper, Anchor and Attaching Components"
Part Number - 328,CAP-BRK BLDR SG DST,"Front Caliper, Anchor and Attaching Components"
Part Number - 329,BLT BRK CLPR DSC BGE,"Front Caliper, Anchor and Attaching Components"
Part Number - 330,HSG ASY BRK CLPR,"Front Caliper, Anchor and Attaching Components"
Part Number - 331,SC-FRT WHL BRK CYL BLDR,"Front Caliper, Anchor and Attaching Components"
Part Number - 332,BGE-FRT.WHL.BRK.CLPR.,"Front Caliper, Anchor and Attaching Components"
Part Number - 333,CAP-BRK BLDR SG DST,"Front Caliper, Anchor and Attaching Components"
Part Number - 334,BLT BRK CLPR DSC BGE,"Front Caliper, Anchor and Attaching Components"
Part Number - 335,HSG ASY BRK CLPR,"Front Caliper, Anchor and Attaching Components"
Part Number - 336,SC-FRT WHL BRK CYL BLDR,"Front Caliper, Anchor and Attaching Components"
Part Number - 337,CAP-BRK BLDR SG DST,"Front Caliper, Anchor and Attaching Components"
Part Number - 338,HSG ASY BRK CLPR,"Front Caliper, Anchor and Attaching Components"
Part Number - 339,SC-FRT WHL BRK CYL BLDR,"Front Caliper, Anchor and Attaching Components"
Part Number - 340,BGE-FRT.WHL.BRK.CLPR.,"Front Caliper, Anchor and Attaching Components"
Part Number - 341,CAP-BRK BLDR SG DST,"Front Caliper, Anchor and Attaching Components"
Part Number - 342,BLT BRK CLPR DSC BGE,"Front Caliper, Anchor and Attaching Components"
Part Number - 343,HSG ASY BRK CLPR LH,"Front Caliper, Anchor and Attaching Components"
Part Number - 344,SC-FRT WHL BRK CYL BLDR,"Front Caliper, Anchor and Attaching Components"
Part Number - 345,BGE-FRT.WHL.BRK.CLPR,"Front Caliper, Anchor and Attaching Components"
Part Number - 346,CAP-BRK BLDR SG DST,"Front Caliper, Anchor and Attaching Components"
Part Number - 347,BLT BRK CLPR DSC BGE,"Front Caliper, Anchor and Attaching Components"
Part Number - 348,HSG ASY BRK CLPR LH,"Front Caliper, Anchor and Attaching Components"
Part Number - 349,SC-FRT WHL BRK CYL BLDR,"Front Caliper, Anchor and Attaching Components"
Part Number - 350,BGE-FRT.WHL.BRK.CLPR.,"Front Caliper, Anchor and Attaching Components"
Part Number - 351,CAP-BRK BLDR SG DST,"Front Caliper, Anchor and Attaching Components"
Part Number - 352,BLT BRK CLPR DSC BGE,"Front Caliper, Anchor and Attaching Components"
Part Number - 353,HSG ASY BRK CLPR LH,"Front Caliper, Anchor and Attaching Components"
Part Number - 354,SC-FRT WHL BRK CYL BLDR,"Front Caliper, Anchor and Attaching Components"
Part Number - 355,BGE-FRT.WHL.BRK.CLPR.,"Front Caliper, Anchor and Attaching Components"
Part Number - 356,CAP-BRK BLDR SG DST,"Front Caliper, Anchor and Attaching Components"
Part Number - 357,BLT BRK CLPR DSC BGE,"Front Caliper, Anchor and Attaching Components"
Part Number - 358,HSG ASY BRK CLPR LH,"Front Caliper, Anchor and Attaching Components"
Part Number - 359,SC-FRT WHL BRK CYL BLDR,"Front Caliper, Anchor and Attaching Components"
Part Number - 360,CAP-BRK BLDR SG DST,"Front Caliper, Anchor and Attaching Components"
Part Number - 361,HSG ASY BRK CLPR LH,"Front Caliper, Anchor and Attaching Components"
Part Number - 362,SC-FRT WHL BRK CYL BLDR,"Front Caliper, Anchor and Attaching Components"
Part Number - 363,BGE-FRT.WHL.BRK.CLPR.,"Front Caliper, Anchor and Attaching Components"
Part Number - 364,CAP-BRK BLDR SG DST,"Front Caliper, Anchor and Attaching Components"
Part Number - 365,BLT BRK CLPR DSC BGE,"Front Caliper, Anchor and Attaching Components"
Part Number - 366,SPG & RET ASY BRK PAD H/DWN,"Front Caliper, Anchor and Attaching Components"
Part Number - 367,PIN-FRT.WHL.BRK.SHU.RET.SHRT,"Front Caliper, Anchor and Attaching Components"
Part Number - 368,BGE-FRT.WHL.BRK.CLPR,"Front Caliper, Anchor and Attaching Components"
Part Number - 369,SPG & RET ASY BRK ANC H/DWN,"Front Caliper, Anchor and Attaching Components"
Part Number - 370,BLT BRK CLPR DSC BGE,"Front Caliper, Anchor and Attaching Components"
Part Number - 371,SPG & RET ASY BRK PAD H/DWN,"Front Caliper, Anchor and Attaching Components"
Part Number - 372,PIN-FRT.WHL.BRK.SHU.RET.SHRT,"Front Caliper, Anchor and Attaching Components"
Part Number - 373,BGE-FRT.WHL.BRK.CLPR.,"Front Caliper, Anchor and Attaching Components"
Part Number - 374,SPG & RET ASY BRK ANC H/DWN,"Front Caliper, Anchor and Attaching Components"
Part Number - 375,BLT BRK CLPR DSC BGE,"Front Caliper, Anchor and Attaching Components"
Part Number - 376,SPG & RET ASY BRK PAD H/DWN,"Rear Caliper, Anchor and Attaching Components"
Part Number - 377,PIN BRK CLPR LOCA,"Rear Caliper, Anchor and Attaching Components"
Part Number - 378,SPG & RET ASY BRK ANC H/DWN,"Rear Caliper, Anchor and Attaching Components"
Part Number - 379,GSKT-BRK MSTR CYL OLET LRG,"Front Caliper, Anchor and Attaching Components"
Part Number - 380,CLP-FRT WHL BRK CLPR LNG RET,"Front Caliper, Anchor and Attaching Components"
Part Number - 381,SPG & RET ASY BRK PAD H/DWN,"Rear Caliper, Anchor and Attaching Components"
Part Number - 382,PIN BRK CLPR LOCA,"Rear Caliper, Anchor and Attaching Components"
Part Number - 383,SPG & RET ASY BRK ANC H/DWN,"Rear Caliper, Anchor and Attaching Components"
Part Number - 384,GSKT-BRK MSTR CYL OLET LRG,"Front Caliper, Anchor and Attaching Components"
Part Number - 385,CLP-FRT WHL BRK CLPR LNG RET,"Front Caliper, Anchor and Attaching Components"
Part Number - 386,SPG & RET ASY BRK PAD H/DWN,"Rear Caliper, Anchor and Attaching Components"
Part Number - 387,BRKT VLV & SPG ASY LOD SNS,"Rear Caliper, Anchor and Attaching Components"
Part Number - 388,SPG & RET ASY BRK ANC H/DWN,"Rear Caliper, Anchor and Attaching Components"
Part Number - 389,SPG & RET ASY BRK PAD H/DWN,"Rear Caliper, Anchor and Attaching Components"
Part Number - 390,BRKT VLV & SPG ASY LOD SNS,"Rear Caliper, Anchor and Attaching Components"
Part Number - 391,SPG & RET ASY BRK ANC H/DWN,"Rear Caliper, Anchor and Attaching Components"
Part Number - 392,HOS ASY FRT WHL BRK LH,Brake Lines and Hoses
Part Number - 393,HOS ASY FRT WHL BRK LH,Brake Lines and Hoses
Part Number - 394,HOS ASY FRT WHL BRK LH,Brake Lines and Hoses
Part Number - 395,HOS ASY FRT WHL BRK LH,Brake Lines and Hoses
Part Number - 396,HOS ASY FRT WHL BRK LH,Brake Lines and Hoses
Part Number - 397,HOS ASY FRT WHL BRK LH,Brake Lines and Hoses
Part Number - 398,HOS ASY FRT WHL BRK LH,Brake Lines and Hoses
Part Number - 399,KIT ELE P/BRK ACTU,"Rear Caliper, Anchor and Attaching Components"
Part Number - 400,INSTR ELE P/BRK ACTU KIT,"Rear Caliper, Anchor and Attaching Components"
Part Number - 401,CONTR ASY ELETR P/BRK,Parking Brake Controls
Part Number - 402,TUB ASY BRK ANTI/LK WHL MLTPL,Brake Lines and Hoses
Part Number - 403,TUB ASY BRK ANTI/LK WHL MLTPL,Brake Lines and Hoses
Part Number - 404,TUB ASY BRK ANTI/LK WHL MLTPL,Brake Lines and Hoses
Part Number - 405,KIT BRK BST MSTR CYL,Master Cylinder and Reservoir
Part Number - 406,BLT-BRK MSTR CYL LNK ROD,Brake Controls Hardware
Part Number - 407,SE-BRK MSTR CYL RESVR,Brake Controls Hardware
Part Number - 408,SE-BRK MSTR CYL RESVR,Brake Controls Hardware
Part Number - 409,KIT BRK CLPR HSG ATT,"Front Caliper, Anchor and Attaching Components"
Part Number - 410,PIN BRK CLPR LOCA,"Front Caliper, Anchor and Attaching Components"
Part Number - 411,PIN BRK CLPR LOCA,"Front Caliper, Anchor and Attaching Components"
Part Number - 412,BSHG-BRK CLPR LOCA PIN,"Front Caliper, Anchor and Attaching Components"
Part Number - 413,"","Front Caliper, Anchor and Attaching Components"
Part Number - 414,CSE-FRT BRK CLPR SUPT PIN,"Front Caliper, Anchor and Attaching Components"
Part Number - 415,BT-BRK CLPR LOCA PIN,"Front Caliper, Anchor and Attaching Components"
Part Number - 416,GRSE-CHAS LUB,"Front Caliper, Anchor and Attaching Components"
Part Number - 417,BRKT RR BRK ANTI/LK SNS,Brake Controls Hardware
Part Number - 418,BRKT RR BRK ANTI/LK SNS,Brake Controls Hardware
Part Number - 419,BRKT RR BRK ANTI/LK SNS,Brake Controls Hardware
Part Number - 420,BRKT RR BRK ANTI/LK SNS,Brake Controls Hardware
Part Number - 421,BRKT RR BRK ANTI/LK SNS,Brake Controls Hardware
Part Number - 422,BRKT RR BRK ANTI/LK SNS,Brake Controls Hardware
Part Number - 423,BRKT RR BRK ANTI/LK SNS,Brake Controls Hardware
Part Number - 424,BRKT RR BRK ANTI/LK SNS,Brake Controls Hardware
Part Number - 425,SNS ASY RR BRK ANTI/LK,Brake Controls Hardware
Part Number - 426,SNS ASY RR BRK ANTI/LK,Brake Controls Hardware
Part Number - 427,SNS ASY RR BRK ANTI/LK,Brake Controls Hardware
Part Number - 428,SNS ASY RR BRK ANTI/LK,Brake Controls Hardware
Part Number - 429,SNS ASY FRT BRK ANTI/LK,Brake Controls Hardware
Part Number - 430,RET WIR HRNS TIE STRP,Air Brake Tubes and Hoses
Part Number - 431,RET WIR HRNS TIE STRP,Air Brake Tubes and Hoses
Part Number - 432,SNS ASY FRT BRK ANTI/LK,Brake Controls Hardware
Part Number - 433,RET WIR HRNS TIE STRP,Air Brake Tubes and Hoses
Part Number - 434,RET WIR HRNS TIE STRP,Air Brake Tubes and Hoses
Part Number - 435,SNS ASY FRT BRK ANTI/LK,Brake Controls Hardware
Part Number - 436,RET WIR HRNS TIE STRP,Air Brake Tubes and Hoses
Part Number - 437,RET WIR HRNS TIE STRP,Air Brake Tubes and Hoses
Part Number - 438,SNS ASY FRT BRK ANTI/LK,Brake Controls Hardware
Part Number - 439,RET WIR HRNS TIE STRP,Air Brake Tubes and Hoses
Part Number - 440,RET WIR HRNS TIE STRP,Air Brake Tubes and Hoses
Part Number - 441,SNS ASY FRT BRK ANTI/LK,Brake Controls Hardware
Part Number - 442,RET WIR HRNS TIE STRP,Air Brake Tubes and Hoses
Part Number - 443,RET WIR HRNS TIE STRP,Air Brake Tubes and Hoses
Part Number - 444,SNS ASY FRT BRK ANTI/LK,Brake Controls Hardware
Part Number - 445,SNS ASY FRT BRK ANTI/LK,Brake Controls Hardware
Part Number - 446,SNS ASY FRT BRK ANTI/LK,Brake Controls Hardware
Part Number - 447,RET WIR HRNS TIE STRP,Air Brake Tubes and Hoses
Part Number - 448,RET WIR HRNS TIE STRP,Air Brake Tubes and Hoses
Part Number - 449,SNS ASY FRT BRK ANTI/LK,Brake Controls Hardware
Part Number - 450,RET WIR HRNS TIE STRP,Air Brake Tubes and Hoses
Part Number - 451,RET WIR HRNS TIE STRP,Air Brake Tubes and Hoses
Part Number - 452,SNS ASY FRT BRK ANTI/LK,Brake Controls Hardware
Part Number - 453,RET WIR HRNS TIE STRP,Air Brake Tubes and Hoses
Part Number - 454,RET WIR HRNS TIE STRP,Air Brake Tubes and Hoses
Part Number - 455,SNS ASY FRT BRK ANTI/LK,Brake Controls Hardware
Part Number - 456,SNS ASY FRT BRK ANTI/LK LH,Brake Controls Hardware
Part Number - 457,RET WIR HRNS TIE STRP,Air Brake Tubes and Hoses
Part Number - 458,RET WIR HRNS TIE STRP,Air Brake Tubes and Hoses
Part Number - 459,SNS ASY FRT BRK ANTI/LK LH,Brake Controls Hardware
Part Number - 460,RET WIR HRNS TIE STRP,Air Brake Tubes and Hoses
Part Number - 461,RET WIR HRNS TIE STRP,Air Brake Tubes and Hoses
Part Number - 462,SNS ASY FRT BRK ANTI/LK LH,Brake Controls Hardware
Part Number - 463,RET WIR HRNS TIE STRP,Air Brake Tubes and Hoses
Part Number - 464,RET WIR HRNS TIE STRP,Air Brake Tubes and Hoses
Part Number - 465,SNS ASY FRT BRK ANTI/LK LH,Brake Controls Hardware
Part Number - 466,RET WIR HRNS TIE STRP,Air Brake Tubes and Hoses
Part Number - 467,RET WIR HRNS TIE STRP,Air Brake Tubes and Hoses
Part Number - 468,SNS ASY FRT BRK ANTI/LK LH,Brake Controls Hardware
Part Number - 469,RET WIR HRNS TIE STRP,Air Brake Tubes and Hoses
Part Number - 470,RET WIR HRNS TIE STRP,Air Brake Tubes and Hoses
Part Number - 471,SNS ASY FRT BRK ANTI/LK LH,Brake Controls Hardware
Part Number - 472,SNS ASY FRT BRK ANTI/LK LH,Brake Controls Hardware
Part Number - 473,SNS ASY FRT BRK ANTI/LK LH,Brake Controls Hardware
Part Number - 474,RET WIR HRNS TIE STRP,Air Brake Tubes and Hoses
Part Number - 475,RET WIR HRNS TIE STRP,Air Brake Tubes and Hoses
Part Number - 476,SNS ASY FRT BRK ANTI/LK LH,Brake Controls Hardware
Part Number - 477,RET WIR HRNS TIE STRP,Air Brake Tubes and Hoses
Part Number - 478,RET WIR HRNS TIE STRP,Air Brake Tubes and Hoses
Part Number - 479,SNS ASY FRT BRK ANTI/LK LH,Brake Controls Hardware
Part Number - 480,RET WIR HRNS TIE STRP,Air Brake Tubes and Hoses
Part Number - 481,RET WIR HRNS TIE STRP,Air Brake Tubes and Hoses
Part Number - 482,SNS ASY FRT BRK ANTI/LK LH,Brake Controls Hardware
Part Number - 483,SUPT FRT BRK ANTI/LK SNS WIR,Brake Controls Hardware
Part Number - 484,SUPT FRT BRK ANTI/LK SNS WIR,Brake Controls Hardware
Part Number - 485,SUPT FRT BRK ANTI/LK SNS WIR,Brake Controls Hardware
Part Number - 486,SUPT FRT BRK ANTI/LK SNS WIR,Brake Controls Hardware
Part Number - 487,TUB ASY RR BRK MLTPL,Brake Lines and Hoses
Part Number - 488,SHLD-BRK ANTI/LK SYS PROT,Brake Controls Hardware
Part Number - 489,HOS ASY RR  WHL BRK,Brake Lines and Hoses
Part Number - 490,HOS ASY RR  WHL BRK,Brake Lines and Hoses
Part Number - 491,HOS ASY RR  WHL BRK,Brake Lines and Hoses
Part Number - 492,HOS ASY RR  WHL BRK,Brake Lines and Hoses
Part Number - 493,HOS ASY RR  WHL BRK,Brake Lines and Hoses
Part Number - 494,HOS ASY RR  WHL BRK,Brake Lines and Hoses
Part Number - 495,HOS ASY RR  WHL BRK,Brake Lines and Hoses
Part Number - 496,HOS ASY RR  WHL BRK,Brake Lines and Hoses
Part Number - 497,HOS ASY RR  WHL BRK,Brake Lines and Hoses
Part Number - 498,HOS ASY RR  WHL BRK LH,Brake Lines and Hoses
Part Number - 499,HOS ASY RR  WHL BRK LH,Brake Lines and Hoses
Part Number - 500,HOS ASY RR  WHL BRK LH,Brake Lines and Hoses
Part Number - 501,HOS ASY RR  WHL BRK LH,Brake Lines and Hoses
Part Number - 502,HOS ASY RR  WHL BRK LH,Brake Lines and Hoses
Part Number - 503,HOS ASY RR  WHL BRK LH,Brake Lines and Hoses
Part Number - 504,BRKT ASY RR BRK CLPR,"Rear Caliper, Anchor and Attaching Components"
Part Number - 505,PIN BRK CLPR LOCA,"Rear Caliper, Anchor and Attaching Components"
Part Number - 506,BT BRK CLPR LOCA PIN,"Rear Caliper, Anchor and Attaching Components"
Part Number - 507,"","Rear Caliper, Anchor and Attaching Components"
Part Number - 508,"","Rear Caliper, Anchor and Attaching Components"
Part Number - 509,PIN BRK CLPR LOCA,"Rear Caliper, Anchor and Attaching Components"
Part Number - 510,BT BRK CLPR LOCA PIN,"Rear Caliper, Anchor and Attaching Components"
Part Number - 511,"","Rear Caliper, Anchor and Attaching Components"
Part Number - 512,BRKT ASY RR BRK CLPR LH,"Rear Caliper, Anchor and Attaching Components"
Part Number - 513,PIN BRK CLPR LOCA,"Rear Caliper, Anchor and Attaching Components"
Part Number - 514,BT BRK CLPR LOCA PIN,"Rear Caliper, Anchor and Attaching Components"
Part Number - 515,"","Rear Caliper, Anchor and Attaching Components"
Part Number - 516,"","Rear Caliper, Anchor and Attaching Components"
Part Number - 517,PIN BRK CLPR LOCA,"Rear Caliper, Anchor and Attaching Components"
Part Number - 518,BT BRK CLPR LOCA PIN,"Rear Caliper, Anchor and Attaching Components"
Part Number - 519,"","Rear Caliper, Anchor and Attaching Components"
Part Number - 520,BRKT ASY-FRT BRK CLPR MTNG,"Front Caliper, Anchor and Attaching Components"
Part Number - 521,ANC BRK CLPR,"Front Caliper, Anchor and Attaching Components"
Part Number - 522,PIN BRK CLPR LOCA,"Front Caliper, Anchor and Attaching Components"
Part Number - 523,PIN BRK CLPR LOCA,"Front Caliper, Anchor and Attaching Components"
Part Number - 524,BSHG-BRK CLPR LOCA PIN,"Front Caliper, Anchor and Attaching Components"
Part Number - 525,CSE-FRT BRK CLPR SUPT PIN,"Front Caliper, Anchor and Attaching Components"
Part Number - 526,BT-BRK CLPR LOCA PIN,"Front Caliper, Anchor and Attaching Components"
Part Number - 527,BRKT ASY-FRT BRK CLPR MTNG LH,"Front Caliper, Anchor and Attaching Components"
Part Number - 528,ANC BRK CLPR,"Front Caliper, Anchor and Attaching Components"
Part Number - 529,PIN BRK CLPR LOCA,"Front Caliper, Anchor and Attaching Components"
Part Number - 530,PIN BRK CLPR LOCA,"Front Caliper, Anchor and Attaching Components"
Part Number - 531,BSHG-BRK CLPR LOCA PIN,"Front Caliper, Anchor and Attaching Components"
Part Number - 532,CSE-FRT BRK CLPR SUPT PIN,"Front Caliper, Anchor and Attaching Components"
Part Number - 533,BT-BRK CLPR LOCA PIN,"Front Caliper, Anchor and Attaching Components"
Part Number - 534,SECDRY BT LOD ABS,Brake Controls Hardware
Part Number - 535,PDL & BRKT ASY BRK,Pedals
Part Number - 536,PAD PDL,Pedals
Part Number - 537,PDL & BRKT ASY BRK,Pedals
Part Number - 538,PDL & BRKT ASY BRK,Pedals
Part Number - 539,PAD PDL,Pedals
Part Number - 540,BRKT ASY-BRK HOS RR SUSP LH,Brake Lines and Hoses
Part Number - 541,BRKT ASY-BRK HOS RR SUSP LH,Brake Lines and Hoses
Part Number - 542,BRKT ASY-BRK HOS RR SUSP LH,Brake Lines and Hoses
Part Number - 543,CLPR ASY RR WHL BRK LES P/BRK,"Rear Caliper, Anchor and Attaching Components"
Part Number - 544,BRKT VLV & SPG ASY LOD SNS,"Rear Caliper, Anchor and Attaching Components"
Part Number - 545,SHU & LNG ASY RR WHL BRK,"Rear Caliper, Anchor and Attaching Components"
Part Number - 546,SHU & LNG ASY RR WHL BRK INR,"Rear Caliper, Anchor and Attaching Components"
Part Number - 547,SC-FRT WHL BRK CYL BLDR,"Rear Caliper, Anchor and Attaching Components"
Part Number - 548,SPG & RET ASY BRK ANC H/DWN,"Rear Caliper, Anchor and Attaching Components"
Part Number - 549,CAP-BRK BLDR SG DST,"Rear Caliper, Anchor and Attaching Components"
Part Number - 550,CLPR ASY RR WHL BRK LES P/BRK,"Rear Caliper, Anchor and Attaching Components"
Part Number - 551,CLPR ASY RR WHL BRK LES P/BRK,"Rear Caliper, Anchor and Attaching Components"
Part Number - 552,CLPR ASY RR WHL BRK LES P/BRK,"Rear Caliper, Anchor and Attaching Components"
Part Number - 553,CLPR ASY RR WHL BRK LES P/BRK,"Rear Caliper, Anchor and Attaching Components"
Part Number - 554,BRKT VLV & SPG ASY LOD SNS,"Rear Caliper, Anchor and Attaching Components"
Part Number - 555,SHU & LNG ASY RR WHL BRK,"Rear Caliper, Anchor and Attaching Components"
Part Number - 556,SHU & LNG ASY RR WHL BRK INR,"Rear Caliper, Anchor and Attaching Components"
Part Number - 557,SC-FRT WHL BRK CYL BLDR,"Rear Caliper, Anchor and Attaching Components"
Part Number - 558,SPG & RET ASY BRK ANC H/DWN,"Rear Caliper, Anchor and Attaching Components"
Part Number - 559,CAP-BRK BLDR SG DST,"Rear Caliper, Anchor and Attaching Components"
Part Number - 560,CLPR ASY RR WHL BRK LES P/BRK,"Rear Caliper, Anchor and Attaching Components"
Part Number - 561,BRKT VLV & SPG ASY LOD SNS,"Rear Caliper, Anchor and Attaching Components"
Part Number - 562,SHU & LNG ASY RR WHL BRK,"Rear Caliper, Anchor and Attaching Components"
Part Number - 563,SHU & LNG ASY RR WHL BRK INR,"Rear Caliper, Anchor and Attaching Components"
Part Number - 564,SC-FRT WHL BRK CYL BLDR,"Rear Caliper, Anchor and Attaching Components"
Part Number - 565,SPG & RET ASY BRK ANC H/DWN,"Rear Caliper, Anchor and Attaching Components"
Part Number - 566,CAP-BRK BLDR SG DST,"Rear Caliper, Anchor and Attaching Components"
Part Number - 567,CLPR ASY RR WHL BRK LES P/BRK LH,"Rear Caliper, Anchor and Attaching Components"
Part Number - 568,CLPR ASY RR WHL BRK LES P/BRK LH,"Rear Caliper, Anchor and Attaching Components"
Part Number - 569,BRKT VLV & SPG ASY LOD SNS,"Rear Caliper, Anchor and Attaching Components"
Part Number - 570,SHU & LNG ASY RR WHL BRK,"Rear Caliper, Anchor and Attaching Components"
Part Number - 571,SHU & LNG ASY RR WHL BRK INR,"Rear Caliper, Anchor and Attaching Components"
Part Number - 572,SC-FRT WHL BRK CYL BLDR,"Rear Caliper, Anchor and Attaching Components"
Part Number - 573,SPG & RET ASY BRK ANC H/DWN,"Rear Caliper, Anchor and Attaching Components"
Part Number - 574,CAP-BRK BLDR SG DST,"Rear Caliper, Anchor and Attaching Components"
Part Number - 575,CLPR ASY RR WHL BRK LES P/BRK LH,"Rear Caliper, Anchor and Attaching Components"
Part Number - 576,CLPR ASY RR WHL BRK LES P/BRK LH,"Rear Caliper, Anchor and Attaching Components"
Part Number - 577,CLPR ASY RR WHL BRK LES P/BRK LH,"Rear Caliper, Anchor and Attaching Components"
Part Number - 578,CLPR ASY RR WHL BRK LES P/BRK LH,"Rear Caliper, Anchor and Attaching Components"
Part Number - 579,BRKT VLV & SPG ASY LOD SNS,"Rear Caliper, Anchor and Attaching Components"
Part Number - 580,SHU & LNG ASY RR WHL BRK,"Rear Caliper, Anchor and Attaching Components"
Part Number - 581,SHU & LNG ASY RR WHL BRK INR,"Rear Caliper, Anchor and Attaching Components"
Part Number - 582,SC-FRT WHL BRK CYL BLDR,"Rear Caliper, Anchor and Attaching Components"
Part Number - 583,SPG & RET ASY BRK ANC H/DWN,"Rear Caliper, Anchor and Attaching Components"
Part Number - 584,CAP-BRK BLDR SG DST,"Rear Caliper, Anchor and Attaching Components"
Part Number - 585,CLPR ASY RR WHL BRK LES P/BRK LH,"Rear Caliper, Anchor and Attaching Components"
Part Number - 586,BRKT VLV & SPG ASY LOD SNS,"Rear Caliper, Anchor and Attaching Components"
Part Number - 587,SHU & LNG ASY RR WHL BRK,"Rear Caliper, Anchor and Attaching Components"
Part Number - 588,SHU & LNG ASY RR WHL BRK INR,"Rear Caliper, Anchor and Attaching Components"
Part Number - 589,SC-FRT WHL BRK CYL BLDR,"Rear Caliper, Anchor and Attaching Components"
Part Number - 590,SPG & RET ASY BRK ANC H/DWN,"Rear Caliper, Anchor and Attaching Components"
Part Number - 591,CAP-BRK BLDR SG DST,"Rear Caliper, Anchor and Attaching Components"
Part Number - 592,HSG ASY RR BRK CLPR LES P/BRK,"Rear Caliper, Anchor and Attaching Components"
Part Number - 593,SC-FRT WHL BRK CYL BLDR,"Rear Caliper, Anchor and Attaching Components"
Part Number - 594,CAP-BRK BLDR SG DST,"Rear Caliper, Anchor and Attaching Components"
Part Number - 595,HSG ASY RR BRK CLPR LES P/BRK,"Rear Caliper, Anchor and Attaching Components"
Part Number - 596,SC-FRT WHL BRK CYL BLDR,"Rear Caliper, Anchor and Attaching Components"
Part Number - 597,CAP-BRK BLDR SG DST,"Rear Caliper, Anchor and Attaching Components"
Part Number - 598,HSG ASY RR BRK CLPR LES P/BRK,"Rear Caliper, Anchor and Attaching Components"
Part Number - 599,HSG ASY RR BRK CLPR LES P/BRK LH,"Rear Caliper, Anchor and Attaching Components"
Part Number - 600,SC-FRT WHL BRK CYL BLDR,"Rear Caliper, Anchor and Attaching Components"
Part Number - 601,CAP-BRK BLDR SG DST,"Rear Caliper, Anchor and Attaching Components"
Part Number - 602,HSG ASY RR BRK CLPR LES P/BRK LH,"Rear Caliper, Anchor and Attaching Components"
Part Number - 603,SC-FRT WHL BRK CYL BLDR,"Rear Caliper, Anchor and Attaching Components"
Part Number - 604,CAP-BRK BLDR SG DST,"Rear Caliper, Anchor and Attaching Components"
Part Number - 605,HSG ASY RR BRK CLPR LES P/BRK LH,"Rear Caliper, Anchor and Attaching Components"
Part Number - 606,CLPR ASY RR BRK ELE INTG P BRK,"Rear Caliper, Anchor and Attaching Components"
Part Number - 607,SHU & LNG ASY RR WHL BRK,"Rear Caliper, Anchor and Attaching Components"
Part Number - 608,SHU & LNG ASY RR WHL BRK INR,"Rear Caliper, Anchor and Attaching Components"
Part Number - 609,SC-FRT WHL BRK CYL BLDR,"Rear Caliper, Anchor and Attaching Components"
Part Number - 610,PIN BRK CLPR LOCA,"Rear Caliper, Anchor and Attaching Components"
Part Number - 611,SPG & RET ASY BRK PAD H/DWN,"Rear Caliper, Anchor and Attaching Components"
Part Number - 612,SPG & RET ASY BRK PAD H/DWN,"Rear Caliper, Anchor and Attaching Components"
Part Number - 613,ACTU ELE P/BRK,"Rear Caliper, Anchor and Attaching Components"
Part Number - 614,SE ACTU ELE P/BRK,"Rear Caliper, Anchor and Attaching Components"
Part Number - 615,RET ACTU ELE P/BRK,"Rear Caliper, Anchor and Attaching Components"
Part Number - 616,CAP-BRK BLDR SG DST,"Rear Caliper, Anchor and Attaching Components"
Part Number - 617,RTN BRK TOR PIN,"Rear Caliper, Anchor and Attaching Components"
Part Number - 618,BT BRK CLPR LOCA PIN,"Rear Caliper, Anchor and Attaching Components"
Part Number - 619,CLPR ASY RR BRK ELE INTG P BRK,"Rear Caliper, Anchor and Attaching Components"
Part Number - 620,SHU & LNG ASY RR WHL BRK,"Rear Caliper, Anchor and Attaching Components"
Part Number - 621,SHU & LNG ASY RR WHL BRK INR,"Rear Caliper, Anchor and Attaching Components"
Part Number - 622,SC-FRT WHL BRK CYL BLDR,"Rear Caliper, Anchor and Attaching Components"
Part Number - 623,PIN BRK CLPR LOCA,"Rear Caliper, Anchor and Attaching Components"
Part Number - 624,SPG & RET ASY BRK PAD H/DWN,"Rear Caliper, Anchor and Attaching Components"
Part Number - 625,SPG & RET ASY BRK PAD H/DWN,"Rear Caliper, Anchor and Attaching Components"
Part Number - 626,ACTU ELE P/BRK,"Rear Caliper, Anchor and Attaching Components"
Part Number - 627,SE ACTU ELE P/BRK,"Rear Caliper, Anchor and Attaching Components"
Part Number - 628,RET ACTU ELE P/BRK,"Rear Caliper, Anchor and Attaching Components"
Part Number - 629,CAP-BRK BLDR SG DST,"Rear Caliper, Anchor and Attaching Components"
Part Number - 630,RTN BRK TOR PIN,"Rear Caliper, Anchor and Attaching Components"
Part Number - 631,BT BRK CLPR LOCA PIN,"Rear Caliper, Anchor and Attaching Components"
Part Number - 632,CLPR ASY RR BRK ELE INTG P BRK,"Rear Caliper, Anchor and Attaching Components"
Part Number - 633,SHU & LNG ASY RR WHL BRK,"Rear Caliper, Anchor and Attaching Components"
Part Number - 634,SHU & LNG ASY RR WHL BRK INR,"Rear Caliper, Anchor and Attaching Components"
Part Number - 635,SC-FRT WHL BRK CYL BLDR,"Rear Caliper, Anchor and Attaching Components"
Part Number - 636,PIN BRK CLPR LOCA,"Rear Caliper, Anchor and Attaching Components"
Part Number - 637,SPG & RET ASY BRK PAD H/DWN,"Rear Caliper, Anchor and Attaching Components"
Part Number - 638,SPG & RET ASY BRK PAD H/DWN,"Rear Caliper, Anchor and Attaching Components"
Part Number - 639,ACTU ELE P/BRK,"Rear Caliper, Anchor and Attaching Components"
Part Number - 640,SE ACTU ELE P/BRK,"Rear Caliper, Anchor and Attaching Components"
Part Number - 641,RET ACTU ELE P/BRK,"Rear Caliper, Anchor and Attaching Components"
Part Number - 642,CAP-BRK BLDR SG DST,"Rear Caliper, Anchor and Attaching Components"
Part Number - 643,RTN BRK TOR PIN,"Rear Caliper, Anchor and Attaching Components"
Part Number - 644,BT BRK CLPR LOCA PIN,"Rear Caliper, Anchor and Attaching Components"
Part Number - 645,CLPR ASY RR BRK ELE INTG P/BRK,"Rear Caliper, Anchor and Attaching Components"
Part Number - 646,SHU & LNG ASY RR WHL BRK,"Rear Caliper, Anchor and Attaching Components"
Part Number - 647,SHU & LNG ASY RR WHL BRK INR,"Rear Caliper, Anchor and Attaching Components"
Part Number - 648,SC-FRT WHL BRK CYL BLDR,"Rear Caliper, Anchor and Attaching Components"
Part Number - 649,PIN BRK CLPR LOCA,"Rear Caliper, Anchor and Attaching Components"
Part Number - 650,SPG & RET ASY BRK PAD H/DWN,"Rear Caliper, Anchor and Attaching Components"
Part Number - 651,SPG & RET ASY BRK PAD H/DWN,"Rear Caliper, Anchor and Attaching Components"
Part Number - 652,ACTU ELE P/BRK,"Rear Caliper, Anchor and Attaching Components"
Part Number - 653,SE ACTU ELE P/BRK,"Rear Caliper, Anchor and Attaching Components"
Part Number - 654,RET ACTU ELE P/BRK,"Rear Caliper, Anchor and Attaching Components"
Part Number - 655,CAP-BRK BLDR SG DST,"Rear Caliper, Anchor and Attaching Components"
Part Number - 656,RTN BRK TOR PIN,"Rear Caliper, Anchor and Attaching Components"
Part Number - 657,BT BRK CLPR LOCA PIN,"Rear Caliper, Anchor and Attaching Components"
Part Number - 658,CLPR ASY RR BRK ELE INTG P/BRK,"Rear Caliper, Anchor and Attaching Components"
Part Number - 659,SHU & LNG ASY RR WHL BRK,"Rear Caliper, Anchor and Attaching Components"
Part Number - 660,SHU & LNG ASY RR WHL BRK INR,"Rear Caliper, Anchor and Attaching Components"
Part Number - 661,SC-FRT WHL BRK CYL BLDR,"Rear Caliper, Anchor and Attaching Components"
Part Number - 662,PIN BRK CLPR LOCA,"Rear Caliper, Anchor and Attaching Components"
Part Number - 663,SPG & RET ASY BRK PAD H/DWN,"Rear Caliper, Anchor and Attaching Components"
Part Number - 664,SPG & RET ASY BRK PAD H/DWN,"Rear Caliper, Anchor and Attaching Components"
Part Number - 665,ACTU ELE P/BRK,"Rear Caliper, Anchor and Attaching Components"
Part Number - 666,SE ACTU ELE P/BRK,"Rear Caliper, Anchor and Attaching Components"
Part Number - 667,RET ACTU ELE P/BRK,"Rear Caliper, Anchor and Attaching Components"
Part Number - 668,CAP-BRK BLDR SG DST,"Rear Caliper, Anchor and Attaching Components"
Part Number - 669,RTN BRK TOR PIN,"Rear Caliper, Anchor and Attaching Components"
Part Number - 670,BT BRK CLPR LOCA PIN,"Rear Caliper, Anchor and Attaching Components"
Part Number - 671,CLPR ASY RR BRK ELE INTG P/BRK,"Rear Caliper, Anchor and Attaching Components"
Part Number - 672,SHU & LNG ASY RR WHL BRK,"Rear Caliper, Anchor and Attaching Components"
Part Number - 673,SHU & LNG ASY RR WHL BRK INR,"Rear Caliper, Anchor and Attaching Components"
Part Number - 674,SC-FRT WHL BRK CYL BLDR,"Rear Caliper, Anchor and Attaching Components"
Part Number - 675,PIN BRK CLPR LOCA,"Rear Caliper, Anchor and Attaching Components"
Part Number - 676,SPG & RET ASY BRK PAD H/DWN,"Rear Caliper, Anchor and Attaching Components"
Part Number - 677,SPG & RET ASY BRK PAD H/DWN,"Rear Caliper, Anchor and Attaching Components"
Part Number - 678,ACTU ELE P/BRK,"Rear Caliper, Anchor and Attaching Components"
Part Number - 679,SE ACTU ELE P/BRK,"Rear Caliper, Anchor and Attaching Components"
Part Number - 680,RET ACTU ELE P/BRK,"Rear Caliper, Anchor and Attaching Components"
Part Number - 681,CAP-BRK BLDR SG DST,"Rear Caliper, Anchor and Attaching Components"
Part Number - 682,RTN BRK TOR PIN,"Rear Caliper, Anchor and Attaching Components"
Part Number - 683,BT BRK CLPR LOCA PIN,"Rear Caliper, Anchor and Attaching Components"
Part Number - 684,CLPR ASY RR BRK ELE INTG P/BRK LH,"Rear Caliper, Anchor and Attaching Components"
Part Number - 685,CLPR ASY RR BRK ELE INTG P/BRK LH,"Rear Caliper, Anchor and Attaching Components"
Part Number - 686,SHU & LNG ASY RR WHL BRK,"Rear Caliper, Anchor and Attaching Components"
Part Number - 687,SHU & LNG ASY RR WHL BRK INR,"Rear Caliper, Anchor and Attaching Components"
Part Number - 688,SC-FRT WHL BRK CYL BLDR,"Rear Caliper, Anchor and Attaching Components"
Part Number - 689,PIN BRK CLPR LOCA,"Rear Caliper, Anchor and Attaching Components"
Part Number - 690,SPG & RET ASY BRK PAD H/DWN,"Rear Caliper, Anchor and Attaching Components"
Part Number - 691,SPG & RET ASY BRK PAD H/DWN,"Rear Caliper, Anchor and Attaching Components"
Part Number - 692,ACTU ELE P/BRK,"Rear Caliper, Anchor and Attaching Components"
Part Number - 693,SE ACTU ELE P/BRK,"Rear Caliper, Anchor and Attaching Components"
Part Number - 694,RET ACTU ELE P/BRK,"Rear Caliper, Anchor and Attaching Components"
Part Number - 695,CAP-BRK BLDR SG DST,"Rear Caliper, Anchor and Attaching Components"
Part Number - 696,RTN BRK TOR PIN,"Rear Caliper, Anchor and Attaching Components"
Part Number - 697,BT BRK CLPR LOCA PIN,"Rear Caliper, Anchor and Attaching Components"
Part Number - 698,CLPR ASY RR BRK ELE INTG P/BRK LH,"Rear Caliper, Anchor and Attaching Components"
Part Number - 699,SHU & LNG ASY RR WHL BRK,"Rear Caliper, Anchor and Attaching Components"
Part Number - 700,SHU & LNG ASY RR WHL BRK INR,"Rear Caliper, Anchor and Attaching Components"
Part Number - 701,SC-FRT WHL BRK CYL BLDR,"Rear Caliper, Anchor and Attaching Components"
Part Number - 702,PIN BRK CLPR LOCA,"Rear Caliper, Anchor and Attaching Components"
Part Number - 703,SPG & RET ASY BRK PAD H/DWN,"Rear Caliper, Anchor and Attaching Components"
Part Number - 704,SPG & RET ASY BRK PAD H/DWN,"Rear Caliper, Anchor and Attaching Components"
Part Number - 705,ACTU ELE P/BRK,"Rear Caliper, Anchor and Attaching Components"
Part Number - 706,SE ACTU ELE P/BRK,"Rear Caliper, Anchor and Attaching Components"
Part Number - 707,RET ACTU ELE P/BRK,"Rear Caliper, Anchor and Attaching Components"
Part Number - 708,CAP-BRK BLDR SG DST,"Rear Caliper, Anchor and Attaching Components"
Part Number - 709,RTN BRK TOR PIN,"Rear Caliper, Anchor and Attaching Components"
Part Number - 710,BT BRK CLPR LOCA PIN,"Rear Caliper, Anchor and Attaching Components"
Part Number - 711,CLPR ASY RR BRK ELE INTG P/BRK LH,"Rear Caliper, Anchor and Attaching Components"
Part Number - 712,SHU & LNG ASY RR WHL BRK,"Rear Caliper, Anchor and Attaching Components"
Part Number - 713,SHU & LNG ASY RR WHL BRK INR,"Rear Caliper, Anchor and Attaching Components"
Part Number - 714,SC-FRT WHL BRK CYL BLDR,"Rear Caliper, Anchor and Attaching Components"
Part Number - 715,PIN BRK CLPR LOCA,"Rear Caliper, Anchor and Attaching Components"
Part Number - 716,SPG & RET ASY BRK PAD H/DWN,"Rear Caliper, Anchor and Attaching Components"
Part Number - 717,SPG & RET ASY BRK PAD H/DWN,"Rear Caliper, Anchor and Attaching Components"
Part Number - 718,ACTU ELE P/BRK,"Rear Caliper, Anchor and Attaching Components"
Part Number - 719,SE ACTU ELE P/BRK,"Rear Caliper, Anchor and Attaching Components"
Part Number - 720,RET ACTU ELE P/BRK,"Rear Caliper, Anchor and Attaching Components"
Part Number - 721,CAP-BRK BLDR SG DST,"Rear Caliper, Anchor and Attaching Components"
Part Number - 722,RTN BRK TOR PIN,"Rear Caliper, Anchor and Attaching Components"
Part Number - 723,BT BRK CLPR LOCA PIN,"Rear Caliper, Anchor and Attaching Components"
Part Number - 724,CLPR ASY RR BRK ELE INTG P/BRK LH,"Rear Caliper, Anchor and Attaching Components"
Part Number - 725,SHU & LNG ASY RR WHL BRK,"Rear Caliper, Anchor and Attaching Components"
Part Number - 726,SHU & LNG ASY RR WHL BRK INR,"Rear Caliper, Anchor and Attaching Components"
Part Number - 727,SC-FRT WHL BRK CYL BLDR,"Rear Caliper, Anchor and Attaching Components"
Part Number - 728,PIN BRK CLPR LOCA,"Rear Caliper, Anchor and Attaching Components"
Part Number - 729,SPG & RET ASY BRK PAD H/DWN,"Rear Caliper, Anchor and Attaching Components"
Part Number - 730,SPG & RET ASY BRK PAD H/DWN,"Rear Caliper, Anchor and Attaching Components"
Part Number - 731,ACTU ELE P/BRK,"Rear Caliper, Anchor and Attaching Components"
Part Number - 732,SE ACTU ELE P/BRK,"Rear Caliper, Anchor and Attaching Components"
Part Number - 733,RET ACTU ELE P/BRK,"Rear Caliper, Anchor and Attaching Components"
Part Number - 734,CAP-BRK BLDR SG DST,"Rear Caliper, Anchor and Attaching Components"
Part Number - 735,RTN BRK TOR PIN,"Rear Caliper, Anchor and Attaching Components"
Part Number - 736,BT BRK CLPR LOCA PIN,"Rear Caliper, Anchor and Attaching Components"
Part Number - 737,CLPR ASY RR BRK ELE INTG P/BRK LH,"Rear Caliper, Anchor and Attaching Components"
Part Number - 738,SHU & LNG ASY RR WHL BRK,"Rear Caliper, Anchor and Attaching Components"
Part Number - 739,SHU & LNG ASY RR WHL BRK INR,"Rear Caliper, Anchor and Attaching Components"
Part Number - 740,SC-FRT WHL BRK CYL BLDR,"Rear Caliper, Anchor and Attaching Components"
Part Number - 741,PIN BRK CLPR LOCA,"Rear Caliper, Anchor and Attaching Components"
Part Number - 742,SPG & RET ASY BRK PAD H/DWN,"Rear Caliper, Anchor and Attaching Components"
Part Number - 743,SPG & RET ASY BRK PAD H/DWN,"Rear Caliper, Anchor and Attaching Components"
Part Number - 744,ACTU ELE P/BRK,"Rear Caliper, Anchor and Attaching Components"
Part Number - 745,SE ACTU ELE P/BRK,"Rear Caliper, Anchor and Attaching Components"
Part Number - 746,RET ACTU ELE P/BRK,"Rear Caliper, Anchor and Attaching Components"
Part Number - 747,CAP-BRK BLDR SG DST,"Rear Caliper, Anchor and Attaching Components"
Part Number - 748,RTN BRK TOR PIN,"Rear Caliper, Anchor and Attaching Components"
Part Number - 749,BT BRK CLPR LOCA PIN,"Rear Caliper, Anchor and Attaching Components"
Part Number - 750,CLPR ASY RR BRK ELE INTG P/BRK LH,"Rear Caliper, Anchor and Attaching Components"
Part Number - 751,SHU & LNG ASY RR WHL BRK,"Rear Caliper, Anchor and Attaching Components"
Part Number - 752,SHU & LNG ASY RR WHL BRK INR,"Rear Caliper, Anchor and Attaching Components"
Part Number - 753,SC-FRT WHL BRK CYL BLDR,"Rear Caliper, Anchor and Attaching Components"
Part Number - 754,PIN BRK CLPR LOCA,"Rear Caliper, Anchor and Attaching Components"
Part Number - 755,SPG & RET ASY BRK PAD H/DWN,"Rear Caliper, Anchor and Attaching Components"
Part Number - 756,SPG & RET ASY BRK PAD H/DWN,"Rear Caliper, Anchor and Attaching Components"
Part Number - 757,ACTU ELE P/BRK,"Rear Caliper, Anchor and Attaching Components"
Part Number - 758,SE ACTU ELE P/BRK,"Rear Caliper, Anchor and Attaching Components"
Part Number - 759,RET ACTU ELE P/BRK,"Rear Caliper, Anchor and Attaching Components"
Part Number - 760,CAP-BRK BLDR SG DST,"Rear Caliper, Anchor and Attaching Components"
Part Number - 761,RTN BRK TOR PIN,"Rear Caliper, Anchor and Attaching Components"
Part Number - 762,BT BRK CLPR LOCA PIN,"Rear Caliper, Anchor and Attaching Components"
Part Number - 763,"","Rear Caliper, Anchor and Attaching Components"
Part Number - 764,SC-FRT WHL BRK CYL BLDR,"Rear Caliper, Anchor and Attaching Components"
Part Number - 765,SE ACTU ELE P/BRK,"Rear Caliper, Anchor and Attaching Components"
Part Number - 766,CAP-BRK BLDR SG DST,"Rear Caliper, Anchor and Attaching Components"
Part Number - 767,HSG ASY RR CLPR ELE INTG P/BRK,"Rear Caliper, Anchor and Attaching Components"
Part Number - 768,HSG ASY RR CLPR ELE INTG P/BRK,"Rear Caliper, Anchor and Attaching Components"
Part Number - 769,HSG ASY RR CLPR ELE INTG P/BRK,"Rear Caliper, Anchor and Attaching Components"
Part Number - 770,"","Rear Caliper, Anchor and Attaching Components"
Part Number - 771,SC-FRT WHL BRK CYL BLDR,"Rear Caliper, Anchor and Attaching Components"
Part Number - 772,SE ACTU ELE P/BRK,"Rear Caliper, Anchor and Attaching Components"
Part Number - 773,CAP-BRK BLDR SG DST,"Rear Caliper, Anchor and Attaching Components"
Part Number - 774,HSG ASY RR CLPR ELE INTG P/BRK LH,"Rear Caliper, Anchor and Attaching Components"
Part Number - 775,HSG ASY RR CLPR ELE INTG P/BRK LH,"Rear Caliper, Anchor and Attaching Components"
Part Number - 776,HSG ASY RR CLPR ELE INTG P/BRK LH,"Rear Caliper, Anchor and Attaching Components"
Part Number - 777,BRK ASY ELE BST,Brake Controls Hardware
Part Number - 778,BLT-BRK MSTR CYL LNK ROD,Master Cylinder and Reservoir
Part Number - 779,MOD ASY BRK ANTI/LK CONTR ELETR,Brake Controls Hardware
Part Number - 780,SFTW STRGY ABS,Brake Controls Hardware
Part Number - 781,PRIM BT LOD MOD BRK ANTI/LK CONTR,Brake Controls Hardware
Part Number - 782,SFTW CONFG CONTR BRK ANTI/LK,Brake Controls Hardware
Part Number - 783,ECU COR ASY BRK ANTI/LK CONTR ELET,Brake Controls Hardware
Part Number - 784,CONTR ASY BRK ANTI/LK HYD,Brake Controls Hardware
Part Number - 785,RESVR ASY BRK MSTR CYL,Master Cylinder and Reservoir
Part Number - 786,SE-BRK MSTR CYL RESVR,Master Cylinder and Reservoir
Part Number - 787,SE-BRK MSTR CYL RESVR,Master Cylinder and Reservoir
Part Number - 788,GSKT-BRK ANTI/LK ACTU,Vacuum Booster
Part Number - 789,BRK ASY ELE BST,Brake Controls Hardware
Part Number - 790,BLT-BRK MSTR CYL LNK ROD,Master Cylinder and Reservoir
Part Number - 791,MOD ASY BRK ANTI/LK CONTR ELETR,Brake Controls Hardware
Part Number - 792,SFTW STRGY ABS,Brake Controls Hardware
Part Number - 793,PRIM BT LOD MOD BRK ANTI/LK CONTR,Brake Controls Hardware
Part Number - 794,SFTW CONFG CONTR BRK ANTI/LK,Brake Controls Hardware
Part Number - 795,ECU COR ASY BRK ANTI/LK CONTR ELET,Brake Controls Hardware
Part Number - 796,CONTR ASY BRK ANTI/LK HYD,Brake Controls Hardware
Part Number - 797,RESVR ASY BRK MSTR CYL,Master Cylinder and Reservoir
Part Number - 798,SE-BRK MSTR CYL RESVR,Master Cylinder and Reservoir
Part Number - 799,SE-BRK MSTR CYL RESVR,Master Cylinder and Reservoir
Part Number - 800,GSKT-BRK ANTI/LK ACTU,Vacuum Booster
Part Number - 801,BRK ASY ELE BST,Brake Controls Hardware
Part Number - 802,BLT-BRK MSTR CYL LNK ROD,Master Cylinder and Reservoir
Part Number - 803,MOD ASY BRK ANTI/LK CONTR ELETR,Brake Controls Hardware
Part Number - 804,SFTW STRGY ABS,Brake Controls Hardware
Part Number - 805,PRIM BT LOD MOD BRK ANTI/LK CONTR,Brake Controls Hardware
Part Number - 806,SFTW CONFG CONTR BRK ANTI/LK,Brake Controls Hardware
Part Number - 807,ECU COR ASY BRK ANTI/LK CONTR ELET,Brake Controls Hardware
Part Number - 808,CONTR ASY BRK ANTI/LK HYD,Brake Controls Hardware
Part Number - 809,RESVR ASY BRK MSTR CYL,Master Cylinder and Reservoir
Part Number - 810,SE-BRK MSTR CYL RESVR,Master Cylinder and Reservoir
Part Number - 811,SE-BRK MSTR CYL RESVR,Master Cylinder and Reservoir
Part Number - 812,GSKT-BRK ANTI/LK ACTU,Vacuum Booster
Part Number - 813,BRK ASY ELE BST,Brake Controls Hardware
Part Number - 814,BLT-BRK MSTR CYL LNK ROD,Master Cylinder and Reservoir
Part Number - 815,MOD ASY BRK ANTI/LK CONTR ELETR,Brake Controls Hardware
Part Number - 816,SFTW STRGY ABS,Brake Controls Hardware
Part Number - 817,PRIM BT LOD MOD BRK ANTI/LK CONTR,Brake Controls Hardware
Part Number - 818,SFTW CONFG CONTR BRK ANTI/LK,Brake Controls Hardware
Part Number - 819,ECU COR ASY BRK ANTI/LK CONTR ELET,Brake Controls Hardware
Part Number - 820,CONTR ASY BRK ANTI/LK HYD,Brake Controls Hardware
Part Number - 821,RESVR ASY BRK MSTR CYL,Master Cylinder and Reservoir
Part Number - 822,SE-BRK MSTR CYL RESVR,Master Cylinder and Reservoir
Part Number - 823,SE-BRK MSTR CYL RESVR,Master Cylinder and Reservoir
Part Number - 824,GSKT-BRK ANTI/LK ACTU,Vacuum Booster
Part Number - 825,BRK ASY ELE BST,Brake Controls Hardware
Part Number - 826,BLT-BRK MSTR CYL LNK ROD,Master Cylinder and Reservoir
Part Number - 827,MOD ASY BRK ANTI/LK CONTR ELETR,Brake Controls Hardware
Part Number - 828,SFTW STRGY ABS,Brake Controls Hardware
Part Number - 829,PRIM BT LOD MOD BRK ANTI/LK CONTR,Brake Controls Hardware
Part Number - 830,SFTW CONFG CONTR BRK ANTI/LK,Brake Controls Hardware
Part Number - 831,ECU COR ASY BRK ANTI/LK CONTR ELET,Brake Controls Hardware
Part Number - 832,CONTR ASY BRK ANTI/LK HYD,Brake Controls Hardware
Part Number - 833,RESVR ASY BRK MSTR CYL,Master Cylinder and Reservoir
Part Number - 834,SE-BRK MSTR CYL RESVR,Master Cylinder and Reservoir
Part Number - 835,SE-BRK MSTR CYL RESVR,Master Cylinder and Reservoir
Part Number - 836,GSKT-BRK ANTI/LK ACTU,Vacuum Booster
Part Number - 837,BRK ASY ELE BST,Brake Controls Hardware
Part Number - 838,BLT-BRK MSTR CYL LNK ROD,Master Cylinder and Reservoir
Part Number - 839,MOD ASY BRK ANTI/LK CONTR ELETR,Brake Controls Hardware
Part Number - 840,SFTW STRGY ABS,Brake Controls Hardware
Part Number - 841,PRIM BT LOD MOD BRK ANTI/LK CONTR,Brake Controls Hardware
Part Number - 842,SFTW CONFG CONTR BRK ANTI/LK,Brake Controls Hardware
Part Number - 843,ECU COR ASY BRK ANTI/LK CONTR ELET,Brake Controls Hardware
Part Number - 844,CONTR ASY BRK ANTI/LK HYD,Brake Controls Hardware
Part Number - 845,RESVR ASY BRK MSTR CYL,Master Cylinder and Reservoir
Part Number - 846,SE-BRK MSTR CYL RESVR,Master Cylinder and Reservoir
Part Number - 847,SE-BRK MSTR CYL RESVR,Master Cylinder and Reservoir
Part Number - 848,GSKT-BRK ANTI/LK ACTU,Vacuum Booster
Part Number - 849,KIT BRK RR CLPR ANC BRKT,"Rear Caliper, Anchor and Attaching Components"
Part Number - 850,SPG & RET ASY BRK PAD H/DWN,"Rear Caliper, Anchor and Attaching Components"
Part Number - 851,SPG & RET ASY BRK PAD H/DWN,"Rear Caliper, Anchor and Attaching Components"
Part Number - 852,BRKT ASY RR BRK CLPR,"Rear Caliper, Anchor and Attaching Components"
Part Number - 853,PIN BRK CLPR LOCA,"Rear Caliper, Anchor and Attaching Components"
Part Number - 854,BT BRK CLPR LOCA PIN,"Rear Caliper, Anchor and Attaching Components"
Part Number - 855,"","Rear Caliper, Anchor and Attaching Components"
Part Number - 856,KIT BRK RR CLPR ANC BRKT,"Rear Caliper, Anchor and Attaching Components"
Part Number - 857,RTN BRK TOR PIN,"Rear Caliper, Anchor and Attaching Components"
Part Number - 858,KIT BRK RR CLPR ANC BRKT,"Rear Caliper, Anchor and Attaching Components"
Part Number - 859,SPG & RET ASY BRK PAD H/DWN,"Rear Caliper, Anchor and Attaching Components"
Part Number - 860,SPG & RET ASY BRK PAD H/DWN,"Rear Caliper, Anchor and Attaching Components"
Part Number - 861,BRKT ASY RR BRK CLPR LH,"Rear Caliper, Anchor and Attaching Components"
Part Number - 862,PIN BRK CLPR LOCA,"Rear Caliper, Anchor and Attaching Components"
Part Number - 863,BT BRK CLPR LOCA PIN,"Rear Caliper, Anchor and Attaching Components"
Part Number - 864,"","Rear Caliper, Anchor and Attaching Components"
Part Number - 865,KIT BRK RR CLPR ANC BRKT,"Rear Caliper, Anchor and Attaching Components"
Part Number - 866,RTN BRK TOR PIN,"Rear Caliper, Anchor and Attaching Components"
Part Number - 867,KIT BRK RR CLPR ANC BRKT,"Rear Caliper, Anchor and Attaching Components"
Part Number - 868,SPG & RET ASY BRK PAD H/DWN,"Rear Caliper, Anchor and Attaching Components"
Part Number - 869,SPG & RET ASY BRK PAD H/DWN,"Rear Caliper, Anchor and Attaching Components"
Part Number - 870,"","Rear Caliper, Anchor and Attaching Components"
Part Number - 871,PIN BRK CLPR LOCA,"Rear Caliper, Anchor and Attaching Components"
Part Number - 872,BT BRK CLPR LOCA PIN,"Rear Caliper, Anchor and Attaching Components"
Part Number - 873,"","Rear Caliper, Anchor and Attaching Components"
Part Number - 874,KIT BRK RR CLPR ANC BRKT,"Rear Caliper, Anchor and Attaching Components"
Part Number - 875,RTN BRK TOR PIN,"Rear Caliper, Anchor and Attaching Components"
Part Number - 876,KIT BRK RR CLPR ANC BRKT,"Rear Caliper, Anchor and Attaching Components"
Part Number - 877,SPG & RET ASY BRK PAD H/DWN,"Rear Caliper, Anchor and Attaching Components"
Part Number - 878,SPG & RET ASY BRK PAD H/DWN,"Rear Caliper, Anchor and Attaching Components"
Part Number - 879,"","Rear Caliper, Anchor and Attaching Components"
Part Number - 880,PIN BRK CLPR LOCA,"Rear Caliper, Anchor and Attaching Components"
Part Number - 881,BT BRK CLPR LOCA PIN,"Rear Caliper, Anchor and Attaching Components"
Part Number - 882,"","Rear Caliper, Anchor and Attaching Components"
Part Number - 883,KIT BRK RR CLPR ANC BRKT,"Rear Caliper, Anchor and Attaching Components"
Part Number - 884,RTN BRK TOR PIN,"Rear Caliper, Anchor and Attaching Components"
Part Number - 885,KIT HSG RR CLPR ELE INTG P/BRK,"Rear Caliper, Anchor and Attaching Components"
Part Number - 886,"","Rear Caliper, Anchor and Attaching Components"
Part Number - 887,SC-FRT WHL BRK CYL BLDR,"Rear Caliper, Anchor and Attaching Components"
Part Number - 888,SE ACTU ELE P/BRK,"Rear Caliper, Anchor and Attaching Components"
Part Number - 889,CAP-BRK BLDR SG DST,"Rear Caliper, Anchor and Attaching Components"
Part Number - 890,RET ACTU ELE P/BRK,"Rear Caliper, Anchor and Attaching Components"
Part Number - 891,"","Rear Caliper, Anchor and Attaching Components"
Part Number - 892,RTN BRK TOR PIN,"Rear Caliper, Anchor and Attaching Components"
Part Number - 893,BT BRK CLPR LOCA PIN,"Rear Caliper, Anchor and Attaching Components"
Part Number - 894,GRSE-CHAS LUB,"Rear Caliper, Anchor and Attaching Components"
Part Number - 895,"","Rear Caliper, Anchor and Attaching Components"
Part Number - 896,HSG ASY RR CLPR ELE INTG P/BRK,"Rear Caliper, Anchor and Attaching Components"
Part Number - 897,"",060101
Part Number - 898,"",060101
Part Number - 899,KIT HSG RR CLPR ELE INTG P/BRK LH,"Rear Caliper, Anchor and Attaching Components"
Part Number - 900,"","Rear Caliper, Anchor and Attaching Components"
Part Number - 901,SC-FRT WHL BRK CYL BLDR,"Rear Caliper, Anchor and Attaching Components"
Part Number - 902,SE ACTU ELE P/BRK,"Rear Caliper, Anchor and Attaching Components"
Part Number - 903,CAP-BRK BLDR SG DST,"Rear Caliper, Anchor and Attaching Components"
Part Number - 904,RET ACTU ELE P/BRK,"Rear Caliper, Anchor and Attaching Components"
Part Number - 905,"","Rear Caliper, Anchor and Attaching Components"
Part Number - 906,RTN BRK TOR PIN,"Rear Caliper, Anchor and Attaching Components"
Part Number - 907,GRSE-CHAS LUB,"Rear Caliper, Anchor and Attaching Components"
Part Number - 908,"","Rear Caliper, Anchor and Attaching Components"
Part Number - 909,HSG ASY RR CLPR ELE INTG P/BRK LH,"Rear Caliper, Anchor and Attaching Components"
Part Number - 910,CLPR ELE P/BRK,"Rear Caliper, Anchor and Attaching Components"
Part Number - 911,SHU & LNG ASY RR WHL BRK,"Rear Caliper, Anchor and Attaching Components"
Part Number - 912,PIN BRK CLPR LOCA,"Rear Caliper, Anchor and Attaching Components"
Part Number - 913,SPG & RET ASY BRK ANC H/DWN,"Rear Caliper, Anchor and Attaching Components"
Part Number - 914,GSKT-BRK MSTR CYL OLET LRG,"Rear Caliper, Anchor and Attaching Components"
Part Number - 915,HSG ASY RR CLPR ELE INTG P/BRK,"Rear Caliper, Anchor and Attaching Components"
Part Number - 916,CLP-FRT WHL BRK CLPR LNG RET,"Front Caliper, Anchor and Attaching Components"
Part Number - 917,CLPR ELE P/BRK,"Rear Caliper, Anchor and Attaching Components"
Part Number - 918,SHU & LNG ASY RR WHL BRK,"Rear Caliper, Anchor and Attaching Components"
Part Number - 919,PIN BRK CLPR LOCA,"Rear Caliper, Anchor and Attaching Components"
Part Number - 920,SPG & RET ASY BRK ANC H/DWN,"Rear Caliper, Anchor and Attaching Components"
Part Number - 921,GSKT-BRK MSTR CYL OLET LRG,"Rear Caliper, Anchor and Attaching Components"
Part Number - 922,HSG ASY RR CLPR ELE INTG P/BRK,"Rear Caliper, Anchor and Attaching Components"
Part Number - 923,CLP-FRT WHL BRK CLPR LNG RET,"Front Caliper, Anchor and Attaching Components"
Part Number - 924,CLPR ELE P/BRK,"Rear Caliper, Anchor and Attaching Components"
Part Number - 925,SHU & LNG ASY RR WHL BRK,"Rear Caliper, Anchor and Attaching Components"
Part Number - 926,PIN BRK CLPR LOCA,"Rear Caliper, Anchor and Attaching Components"
Part Number - 927,SPG & RET ASY BRK ANC H/DWN,"Rear Caliper, Anchor and Attaching Components"
Part Number - 928,GSKT-BRK MSTR CYL OLET LRG,"Rear Caliper, Anchor and Attaching Components"
Part Number - 929,HSG ASY RR CLPR ELE INTG P/BRK,"Rear Caliper, Anchor and Attaching Components"
Part Number - 930,CLP-FRT WHL BRK CLPR LNG RET,"Front Caliper, Anchor and Attaching Components"
Part Number - 931,CLPR ELE P/BRK LH,"Rear Caliper, Anchor and Attaching Components"
Part Number - 932,CLPR ELE P/BRK LH,"Rear Caliper, Anchor and Attaching Components"
Part Number - 933,SHU & LNG ASY RR WHL BRK,"Rear Caliper, Anchor and Attaching Components"
Part Number - 934,PIN BRK CLPR LOCA,"Rear Caliper, Anchor and Attaching Components"
Part Number - 935,SPG & RET ASY BRK ANC H/DWN,"Rear Caliper, Anchor and Attaching Components"
Part Number - 936,GSKT-BRK MSTR CYL OLET LRG,"Rear Caliper, Anchor and Attaching Components"
Part Number - 937,HSG ASY RR CLPR ELE INTG P/BRK LH,"Rear Caliper, Anchor and Attaching Components"
Part Number - 938,CLP-FRT WHL BRK CLPR LNG RET,"Front Caliper, Anchor and Attaching Components"
Part Number - 939,CLPR ELE P/BRK LH,"Rear Caliper, Anchor and Attaching Components"
Part Number - 940,SHU & LNG ASY RR WHL BRK,"Rear Caliper, Anchor and Attaching Components"
Part Number - 941,PIN BRK CLPR LOCA,"Rear Caliper, Anchor and Attaching Components"
Part Number - 942,SPG & RET ASY BRK ANC H/DWN,"Rear Caliper, Anchor and Attaching Components"
Part Number - 943,GSKT-BRK MSTR CYL OLET LRG,"Rear Caliper, Anchor and Attaching Components"
Part Number - 944,HSG ASY RR CLPR ELE INTG P/BRK LH,"Rear Caliper, Anchor and Attaching Components"
Part Number - 945,CLP-FRT WHL BRK CLPR LNG RET,"Front Caliper, Anchor and Attaching Components"
Part Number - 946,CLPR ELE P/BRK LH,"Rear Caliper, Anchor and Attaching Components"
Part Number - 947,SHU & LNG ASY RR WHL BRK,"Rear Caliper, Anchor and Attaching Components"
Part Number - 948,PIN BRK CLPR LOCA,"Rear Caliper, Anchor and Attaching Components"
Part Number - 949,SPG & RET ASY BRK ANC H/DWN,"Rear Caliper, Anchor and Attaching Components"
Part Number - 950,GSKT-BRK MSTR CYL OLET LRG,"Rear Caliper, Anchor and Attaching Components"
Part Number - 951,HSG ASY RR CLPR ELE INTG P/BRK LH,"Rear Caliper, Anchor and Attaching Components"
Part Number - 952,CLP-FRT WHL BRK CLPR LNG RET,"Front Caliper, Anchor and Attaching Components"
Part Number - 953,SHLD BRK DSC SPLS(RH),Front Rotor and Shield
Part Number - 954,SHLD BRK DSC SPLS(RH),Front Rotor and Shield
Part Number - 955,SHLD BRK DSC SPLS(RH),Front Rotor and Shield
Part Number - 956,SHLD BRK DSC SPLS,Front Rotor and Shield
Part Number - 957,SHLD BRK DSC SPLS,Front Rotor and Shield
Part Number - 958,SHLD BRK DSC SPLS,Front Rotor and Shield
Part Number - 959,SHLD BRK DSC SPLS,Front Rotor and Shield
Part Number - 960,SHLD BRK DSC SPLS,Front Rotor and Shield
Part Number - 961,SHLD BRK DSC SPLS,Front Rotor and Shield
Part Number - 962,SHLD BRK DSC SPLS LH,Front Rotor and Shield
Part Number - 963,SHLD BRK DSC SPLS LH,Front Rotor and Shield
Part Number - 964,SHLD BRK DSC SPLS LH,Front Rotor and Shield
Part Number - 965,SHLD BRK DSC SPLS LH,Front Rotor and Shield
Part Number - 966,SHLD BRK DSC SPLS LH,Front Rotor and Shield
Part Number - 967,SHLD BRK DSC SPLS LH,Front Rotor and Shield
Part Number - 968,SHLD BRK DSC SPLS LH,Front Rotor and Shield
Part Number - 969,SHLD BRK DSC SPLS LH,Front Rotor and Shield
Part Number - 970,SHLD BRK DSC SPLS LH,Front Rotor and Shield
Part Number - 971,KIT CLPR BRK PAD HI PER,"Front Caliper, Anchor and Attaching Components"
Part Number - 972,SHU & LNG ASY BRK INR,"Front Caliper, Anchor and Attaching Components"
Part Number - 973,SHU & LNG ASY BRK,"Front Caliper, Anchor and Attaching Components"
Part Number - 974,INSTR REAR BRAKE PAD REPLACEMENT,"Rear Caliper, Anchor and Attaching Components"
Part Number - 975,INSTR REAR BRAKE PAD REPLACEMENT,"Rear Caliper, Anchor and Attaching Components"
Part Number - 976,SHLD RR DSC BRK SPLS,Rear Rotor and Shield
Part Number - 977,SHLD RR DSC BRK SPLS,Rear Rotor and Shield
Part Number - 978,SHLD RR DSC BRK SPLS,Rear Rotor and Shield
Part Number - 979,SHLD RR DSC BRK SPLS,Rear Rotor and Shield
Part Number - 980,SHLD RR DSC BRK SPLS,Rear Rotor and Shield
Part Number - 981,SHLD RR DSC BRK SPLS,Rear Rotor and Shield
Part Number - 982,SHLD RR DSC BRK SPLS,Rear Rotor and Shield
Part Number - 983,SHLD RR DSC BRK SPLS,Rear Rotor and Shield
Part Number - 984,SHLD RR DSC BRK SPLS,Rear Rotor and Shield
Part Number - 985,SHLD RR DSC BRK SPLS LH,Rear Rotor and Shield
Part Number - 986,SHLD RR DSC BRK SPLS LH,Rear Rotor and Shield
Part Number - 987,SHLD RR DSC BRK SPLS LH,Rear Rotor and Shield
Part Number - 988,SHLD RR DSC BRK SPLS LH,Rear Rotor and Shield
Part Number - 989,SHLD RR DSC BRK SPLS LH,Rear Rotor and Shield
Part Number - 990,SHLD RR DSC BRK SPLS LH,Rear Rotor and Shield
Part Number - 991,SHLD RR DSC BRK SPLS LH,Rear Rotor and Shield
Part Number - 992,SHLD RR DSC BRK SPLS LH,Rear Rotor and Shield
Part Number - 993,SHLD RR DSC BRK SPLS LH,Rear Rotor and Shield
Part Number - 994,KIT BRK MSTR CYL RESVR,Master Cylinder and Reservoir
Part Number - 995,BLT-BRK MSTR CYL LNK ROD,Master Cylinder and Reservoir
Part Number - 996,RESVR ASY BRK MSTR CYL,Master Cylinder and Reservoir
Part Number - 997,SE-BRK MSTR CYL RESVR,Master Cylinder and Reservoir
Part Number - 998,SE-BRK MSTR CYL RESVR,Master Cylinder and Reservoir
Part Number - 999,GSKT-BRK ANTI/LK ACTU,Vacuum Booster
Part Number - 1000,KIT BRK MSTR CYL RESVR,Master Cylinder and Reservoir
Part Number - 1001,BLT-BRK MSTR CYL LNK ROD,Master Cylinder and Reservoir
Part Number - 1002,RESVR ASY BRK MSTR CYL,Master Cylinder and Reservoir
Part Number - 1003,SE-BRK MSTR CYL RESVR,Master Cylinder and Reservoir
Part Number - 1004,SE-BRK MSTR CYL RESVR,Master Cylinder and Reservoir
Part Number - 1005,GSKT-BRK ANTI/LK ACTU,Vacuum Booster
Part Number - 1006,INS BRK TUB,Brake Lines and Hoses
Part Number - 1007,BSHG ASY-BRK BST CR/SHT TO P/RD,Pedals
Part Number - 1008,KIT CLPR RR BRK PAD LOW DST,"Rear Caliper, Anchor and Attaching Components"
Part Number - 1009,KIT CLPR RR BRK PAD LOW DST,"Rear Caliper, Anchor and Attaching Components"
Part Number - 1010,KIT CLPR RR BRK PAD HIGH PER,"Rear Caliper, Anchor and Attaching Components"
Part Number - 1011,SHU & LNG ASY RR WHL BRK,"Rear Caliper, Anchor and Attaching Components"
Part Number - 1012,KIT CLPR RR BRK PAD HIGH PER,"Rear Caliper, Anchor and Attaching Components"
Part Number - 1013,SHU & LNG ASY RR WHL BRK,"Rear Caliper, Anchor and Attaching Components"
Part Number - 1014,KIT CLPR RR BRK PAD HIGH PER,"Rear Caliper, Anchor and Attaching Components"
Part Number - 1015,SHU & LNG ASY RR WHL BRK,"Rear Caliper, Anchor and Attaching Components"
Part Number - 1016,SHU & LNG ASY RR WHL BRK INR,"Rear Caliper, Anchor and Attaching Components"
Part Number - 1017,KIT CLPR RR BRK PAD HIGH PER,"Rear Caliper, Anchor and Attaching Components"
Part Number - 1018,SHU & LNG ASY RR WHL BRK,"Rear Caliper, Anchor and Attaching Components"
Part Number - 1019,SHU & LNG ASY RR WHL BRK INR,"Rear Caliper, Anchor and Attaching Components"
Part Number - 1020,BLT BRK CLPR DSC BGE,Brake Lines and Hoses
Part Number - 1021,BLT BRK CLPR DSC BGE,Brake Lines and Hoses
Part Number - 1022,BLT BRK CLPR DSC BGE,Brake Lines and Hoses
Part Number - 1023,GRP P/BRK HND CONTR,Parking Brake Controls
Part Number - 1024,NUT WELD M6 HF 10,Air Brake Valves
Part Number - 1025,PDL & BRKT ASY CL,Pedals
Part Number - 1026,PAD PDL,Pedals
Part Number - 1027,PDL & BRKT ASY CL,Pedals
Part Number - 1028,PAD PDL,Pedals
Part Number - 1029,PDL & SNS ASY ACEL,Pedals
Part Number - 1030,PDL & SNS ASY ACEL,Pedals
Part Number - 1031,PDL ASY-ACEL & BRK,Pedals
Part Number - 1032,PAD PDL,Pedals
Part Number - 1033,PDL & SNS ASY ACEL,Pedals
Part Number - 1034,PDL ASY-ACEL & BRK,Pedals
Part Number - 1035,PAD PDL,Pedals
Part Number - 1036,PDL & SNS ASY ACEL,Pedals
Part Number - 1037,PDL ASY-ACEL & BRK,Pedals
Part Number - 1038,PAD PDL,Pedals
Part Number - 1039,PDL & SNS ASY ACEL,Pedals
Part Number - 1040,TUB ASY-RR BRK INTERM RH,Brake Lines and Hoses
Part Number - 1041,TUB ASY-RR BRK INTERM LH,Brake Lines and Hoses
Part Number - 1042,TUB ASY-RR BRK INTERM RH,Brake Lines and Hoses
Part Number - 1043,TUB ASY-RR BRK INTERM LH,Brake Lines and Hoses
Part Number - 1044,"FLUID, HYDRAULIC BRAKE",Brake Fluid
Part Number - 1045,"FLUID, HYDRAULIC BRAKE",Brake Fluid
Part Number - 1046,BOLT M6X12 HF 8,Brake Controls Hardware
Part Number - 1047,BOLT M6X12 HF 8,Brake Controls Hardware
Part Number - 1048,BOLT M6X12 HF 8,Brake Controls Hardware
Part Number - 1049,BOLT M6X12 HF 8,Brake Controls Hardware
Part Number - 1050,BOLT M6X12 HF 8,Brake Controls Hardware
Part Number - 1051,BOLT M6X12 HF 8,Brake Controls Hardware
Part Number - 1052,BOLT M8X12 HF 8,Front Rotor and Shield
Part Number - 1053,BOLT M8X12 HF 8,Front Rotor and Shield
Part Number - 1054,BOLT M8X12 HF 8,Front Rotor and Shield
Part Number - 1055,BOLT M8X12 HF 8,Front Rotor and Shield
Part Number - 1056,BOLT M8X12 HF 8,Front Rotor and Shield
Part Number - 1057,BOLT M8X12 HF 8,Front Rotor and Shield
Part Number - 1058,BOLT M8X12 HF 8,Front Rotor and Shield
Part Number - 1059,BOLT M8X12 HF 8,Front Rotor and Shield
Part Number - 1060,BOLT M8X12 HF 8,Front Rotor and Shield
Part Number - 1061,BOLT M8X12 HF 8,Front Rotor and Shield
Part Number - 1062,BOLT M10X90 HF 10,"Rear Caliper, Anchor and Attaching Components"
Part Number - 1063,BOLT M12X100 HF PIL 10,"Rear Caliper, Anchor and Attaching Components"
Part Number - 1064,BOLT M12X100 HF PIL 10,"Rear Caliper, Anchor and Attaching Components"
Part Number - 1065,SCREW M6X20 HF 010,Rear Rotor and Shield
Part Number - 1066,SCREW M6X20 HF 010,Rear Rotor and Shield
Part Number - 1067,SCREW M6X20 HF 010,Brake Controls Hardware
Part Number - 1068,SCREW M6X20 HF 010,Brake Controls Hardware
Part Number - 1069,SCREW M6X20 HF 010,Brake Controls Hardware
Part Number - 1070,SCREW M6X20 HF 010,Brake Controls Hardware
Part Number - 1071,SCREW M6X20 HF 010,Rear Rotor and Shield
Part Number - 1072,SCREW M6X20 HF 010,Rear Rotor and Shield
Part Number - 1073,SCREW M6X20 HF 010,Rear Rotor and Shield
Part Number - 1074,SCREW M6X20 HF 010,Brake Controls Hardware
Part Number - 1075,SCREW M6X20 HF 010,Brake Controls Hardware
Part Number - 1076,SCREW M6X20 HF 010,Rear Rotor and Shield
Part Number - 1077,SCREW M6X20 HF 010,Rear Rotor and Shield
Part Number - 1078,SCREW M8X20 HF 010,Brake Lines and Hoses
Part Number - 1079,SCREW M8X20 HF 010,Brake Controls Hardware
Part Number - 1080,SCREW M8X20 HF 010,Brake Controls Hardware
Part Number - 1081,SCREW M8X20 HF 010,Brake Lines and Hoses
Part Number - 1082,SCREW M8X20 HF 010,Brake Lines and Hoses
Part Number - 1083,SCREW M8X20 HF 010,Brake Controls Hardware
Part Number - 1084,SCREW M8X20 HF 010,Brake Controls Hardware
Part Number - 1085,SCREW M8X20 HF 010,Brake Controls Hardware
Part Number - 1086,SCREW M8X20 HF 010,Brake Lines and Hoses
Part Number - 1087,SCREW M8X20 HF 010,Brake Lines and Hoses
Part Number - 1088,SCREW M8X20 HF 010,Brake Lines and Hoses
Part Number - 1089,SCREW M8X20 HF 010,Brake Controls Hardware
Part Number - 1090,NUT M8 HF PTP 10,Pedals
Part Number - 1091,NUT M8 HF PTP 10,Pedals
Part Number - 1092,NUT M8 HF PTP 10,Pedals
Part Number - 1093,NUT M8 HF PTP 10,Pedals
Part Number - 1094,NUT M8 HF PTP 10,Pedals
Part Number - 1095,NUT M8 HF PTP 10,Pedals
Part Number - 1096,NUT&WSHR M6 HF PTP CON 10,Brake Lines and Hoses
Part Number - 1097,NUT&WSHR M6 HF PTP CON 10,Brake Lines and Hoses
Part Number - 1098,RIVET 6.6X23.9 SPL,Brake Controls Hardware
Part Number - 1099,RIVET 6.6X23.9 SPL,Brake Controls Hardware
Part Number - 1100,NUT M6 HF PTC 8,Pedals
Part Number - 1101,TRIM PIN 6.3X2-10 NYL,Brake Controls Hardware
Part Number - 1102,TRIM PIN 6.3X2-10 NYL,Brake Controls Hardware
Part Number - 1103,WASHER 10.2X15X1.2 FL CU,Brake Lines and Hoses
Part Number - 1104,WASHER 10.2X15X1.2 FL CU,Brake Lines and Hoses
Part Number - 1105,WASHER 10.2X15X1.2 FL CU,Brake Lines and Hoses
Part Number - 1106,WASHER 10.2X15X1.2 FL CU,Brake Lines and Hoses
Part Number - 1107,WASHER 10.2X15X1.2 FL CU,Brake Lines and Hoses
Part Number - 1108,WASHER 10.2X15X1.2 FL CU,Brake Lines and Hoses
Part Number - 1109,WASHER 10.2X15X1.2 FL CU,Brake Lines and Hoses
Part Number - 1110,BOLT BANJO M10X28.5 HF SPL,Brake Lines and Hoses
Part Number - 1111,BOLT BANJO M10X28.5 HF SPL,Brake Lines and Hoses
Part Number - 1112,SCREW M8X20 HF 010,Brake Lines and Hoses
Part Number - 1113,SCREW M8X20 HF 010,Brake Lines and Hoses
Part Number - 1114,SCREW M8X20 HF 010,Brake Lines and Hoses
Part Number - 1115,BOLT M8X20 HF PIL ADH 8,Brake Lines and Hoses
Part Number - 1116,BOLT M8X20 HF PIL ADH 8,Brake Lines and Hoses
Part Number - 1117,BOLT M8X20 HF PIL ADH 8,Brake Lines and Hoses
Part Number - 1118,NUT&WSHR M8 HX PTC CON 10,Parking Brake Controls
Part Number - 1119,SCREW M8X23 HF CA SERR 010,Parking Brake Controls
Part Number - 1120,SCREW&WSHR MR8X43 HX FL 010,Pedals
Part Number - 1121,SCREW&WSHR MR8X43 HX FL 010,Pedals
Part Number - 1122,SCREW&WSHR MR8X43 HX FL 010,Pedals
Part Number - 1123,SCREW&WSHR MR8X43 HX FL 010,Pedals
Part Number - 1124,BOLT M6X12 HF ADH 8,Brake Controls Hardware
Part Number - 1125,BOLT M6X12 HF ADH 8,Brake Controls Hardware
Part Number - 1126,BOLT&WSHR M14X52 HF ADH CON 10,"Rear Caliper, Anchor and Attaching Components"
Part Number - 1127,BOLT M6X20 HF TP ADH SPL 8,Brake Controls Hardware
Part Number - 1128,NUT U SPG M6X2.5-5.5 10,Brake Controls Hardware
Part Number - 1129,BOLT M12X38 HF ADH 10,"Front Caliper, Anchor and Attaching Components"
Part Number - 1130,BOLT M12X38 HF ADH 10,"Front Caliper, Anchor and Attaching Components"
Part Number - 1131,BOLT M12X38 HF ADH 10,"Front Caliper, Anchor and Attaching Components"
Part Number - 1132,BOLT M12X38 HF ADH 10,"Front Caliper, Anchor and Attaching Components"
Part Number - 1133,BOLT M12X38 HF ADH 10,"Front Caliper, Anchor and Attaching Components"
Part Number - 1134,BOLT M6X10 PN TIE PIL PTP 8,Parking Brake Controls
Part Number - 1135,"","Rear Caliper, Anchor and Attaching Components"
